16,205,32,221,46,235
16,205,32,221,324,147
16,205,32,221,47,236
16,205,32,224
16,205,32,137
16,205,32,225
16,205,32,138
16,205,32,139
16,205,32,226
16,205,32,140
16,205,32,227
16,205,310,133,46,235
16,205,310,133,324,147
16,205,310,133,47,236
16,205,310,136
16,205,310,223
16,205,310,224
16,205,310,137
16,205,310,225
16,205,310,138
16,205,33,222,47,236
16,205,33,225
16,205,33,138
16,205,33,139
16,205,33,226
16,205,33,140
16,205,33,227
16,205,311,134,47,236
16,205,311,224
16,205,311,137
16,205,311,225
16,205,311,138
16,205,34,139
16,205,34,226
16,205,34,140
16,205,34,227
16,205,312,137
16,205,312,225
16,205,312,138
16,205,35,224
16,205,35,226
16,205,35,140
16,205,35,227
16,205,313,136
16,205,313,138
16,205,36,225
16,205,36,227
16,205,314,137
16,205,37,226
16,205,315,138
16,208,35,224
16,208,35,226
16,208,35,140
16,208,35,227
16,208,313,136
16,208,313,138
16,208,36,225
16,208,36,227
16,208,314,137
16,208,37,226
16,208,315,138
16,122,314,137
16,122,37,226
16,122,315,138
16,122,316,139
16,122,317,140
16,122,39,228
16,209,36,225
16,209,36,227
16,209,314,137
16,209,37,226
16,209,315,138
16,123,315,138
16,123,316,139
16,123,317,140
16,123,39,228
16,210,35,224
16,210,35,226
16,210,35,140
16,210,35,227
16,210,313,136
16,210,313,138
16,210,36,225
16,210,36,227
16,210,314,137
16,210,37,226
16,210,315,138
16,124,314,137
16,124,37,226
16,124,315,138
16,124,316,139
16,124,317,140
16,124,39,228
16,211,36,225
16,211,36,227
16,211,314,137
16,211,37,226
16,211,315,138
16,125,315,138
16,125,316,139
16,125,317,140
16,125,39,228
16,212,314,137
16,212,37,226
16,212,315,138
16,213,37,226
16,213,315,138
294,117,31,220,47,236
294,117,31,220,325,148
294,117,31,225
294,117,31,138
294,117,31,139
294,117,31,226
294,117,31,140
294,117,31,227
294,117,309,132,47,236
294,117,309,132,325,148
294,117,309,224
294,117,309,137
294,117,309,225
294,117,309,138
294,117,309,139
294,117,32,221,325,148
294,117,32,139
294,117,32,226
294,117,32,140
294,117,32,227
294,117,310,133,325,148
294,117,310,137
294,117,310,225
294,117,310,138
294,117,310,139
294,117,33,225
294,117,33,138
294,117,33,139
294,117,33,226
294,117,33,140
294,117,33,227
294,117,311,134,47,236
294,117,311,134,325,148
294,117,311,224
294,117,311,137
294,117,311,225
294,117,311,138
294,117,311,139
294,117,34,139
294,117,34,226
294,117,34,140
294,117,34,227
294,117,312,135,325,148
294,117,312,137
294,117,312,225
294,117,312,138
294,117,312,139
294,117,35,226
294,117,35,140
294,117,35,227
294,117,313,138
294,117,313,139
294,117,36,225
294,117,36,227
294,117,314,137
294,117,37,226
294,117,315,138
294,117,38,227
294,207,29,223,325,148
294,207,34,223
294,207,34,139
294,207,34,226
294,207,312,135,325,148
294,207,312,135
294,207,312,137
294,207,312,225
294,207,35,224
294,207,35,226
294,207,313,136
294,207,36,225
294,207,314,137
294,207,37,226
294,121,314,137
294,121,37,226
294,121,315,138
294,121,38,227
294,208,35,224
294,208,35,226
294,208,313,136
294,208,36,225
294,208,314,137
294,208,37,226
294,122,314,137
294,122,37,226
294,122,315,138
294,122,38,227
294,209,34,223
294,209,34,139
294,209,34,226
294,209,312,135,325,148
294,209,312,135
294,209,312,137
294,209,312,225
294,209,35,224
294,209,35,226
294,209,313,136
294,209,36,225
294,209,314,137
294,209,37,226
294,123,314,137
294,123,37,226
294,123,315,138
294,123,38,227
294,210,35,224
294,210,35,226
294,210,313,136
294,210,36,225
294,210,314,137
294,210,37,226
294,124,314,137
294,124,37,226
294,124,315,138
294,124,38,227
294,211,36,225
294,211,314,137
294,211,37,226
294,125,315,138
294,125,38,227
294,212,314,137
294,212,37,226
294,213,37,226
200,22,215,37,229,51
200,22,215,37,143,331
200,22,215,37,230,52
200,22,215,37,144,332
200,22,215,40
200,22,215,318,141,332
200,22,215,318,144,332
200,22,215,318
200,22,215,319
200,22,215,41
200,22,215,42
200,22,215,320
200,22,215,321
200,22,215,43
200,22,215,44
200,22,215,322
200,22,129,317,143,331
200,22,129,317,230,52
200,22,129,317,144,332
200,22,129,42
200,22,129,320
200,22,129,321
200,22,129,43
200,22,129,44
200,22,129,322
200,22,129,323
200,22,129,45
200,22,216,38,230,52
200,22,216,38,144,332
200,22,216,319
200,22,216,41
200,22,216,42
200,22,216,320
200,22,216,321
200,22,216,43
200,22,216,44
200,22,216,322
200,22,130,318,144,332
200,22,130,321
200,22,130,43
200,22,130,44
200,22,130,322
200,22,130,323
200,22,130,45
200,22,217,42
200,22,217,320
200,22,217,321
200,22,217,43
200,22,217,44
200,22,217,322
200,22,131,44
200,22,131,322
200,22,131,323
200,22,131,45
200,22,218,40
200,22,218,321
200,22,218,43
200,22,218,44
200,22,218,322
200,22,132,320
200,22,132,323
200,22,132,45
200,22,219,41
200,22,219,44
200,22,219,322
200,22,133,321
200,22,220,42
200,22,134,322
200,22,221,43
200,22,135,323
200,25,214,318,144,332
200,25,218,40
200,25,218,321
200,25,218,43
200,25,218,44
200,25,218,322
200,25,132,320
200,25,132,323
200,25,132,45
200,25,219,41
200,25,219,44
200,25,219,322
200,25,133,321
200,25,220,42
200,25,134,322
200,25,221,43
200,25,135,323
200,303,218,40
200,303,132,320
200,303,219,41
200,303,133,321
200,303,220,42
200,26,218,40
200,26,218,321
200,26,218,43
200,26,218,44
200,26,218,322
200,26,132,320
200,26,132,323
200,26,132,45
200,26,219,41
200,26,219,44
200,26,219,322
200,26,133,321
200,26,220,42
200,26,134,322
200,26,221,43
200,26,135,323
200,304,217,39
200,304,217,42
200,304,217,320
200,304,131,319
200,304,218,40
200,304,132,320
200,304,219,41
200,304,133,321
200,304,220,42
200,27,219,41
200,27,219,44
200,27,219,322
200,27,133,321
200,27,220,42
200,27,134,322
200,27,221,43
200,27,135,323
200,305,218,40
200,305,132,320
200,305,219,41
200,305,133,321
200,305,220,42
200,28,220,42
200,28,134,322
200,28,221,43
200,28,135,323
200,306,132,320
200,306,219,41
200,306,133,321
200,306,220,42
200,29,221,43
200,29,135,323
200,307,133,321
200,307,220,42
113,301,126,314,229,51
113,301,126,314,143,331
113,301,126,314,230,52
113,301,126,314,144,332
113,301,126,42
113,301,126,320
113,301,126,321
113,301,126,43
113,301,126,44
113,301,126,322
113,301,126,323
113,301,126,45
113,301,214,36,229,51
113,301,214,36,143,331
113,301,214,36,230,52
113,301,214,36,144,332
113,301,214,40
113,301,214,318,141,332
113,301,214,318,144,332
113,301,214,318
113,301,214,319
113,301,214,41
113,301,214,42
113,301,214,320
113,301,214,321
113,301,214,43
113,301,127,315,230,52
113,301,127,315,144,332
113,301,127,321
113,301,127,43
113,301,127,44
113,301,127,322
113,301,127,323
113,301,127,45
113,301,128,316,229,51
113,301,128,316,143,331
113,301,128,316,230,52
113,301,128,316,144,332
113,301,128,42
113,301,128,320
113,301,128,321
113,301,128,43
113,301,128,44
113,301,128,322
113,301,128,323
113,301,128,45
113,301,215,40
113,301,215,318,141,332
113,301,215,318,144,332
113,301,215,318
113,301,215,319
113,301,215,41
113,301,215,42
113,301,215,320
113,301,215,321
113,301,215,43
113,301,129,317,143,331
113,301,129,317,230,52
113,301,129,317,144,332
113,301,129,42
113,301,129,320
113,301,129,321
113,301,129,43
113,301,129,44
113,301,129,322
113,301,129,323
113,301,129,45
113,301,216,319
113,301,216,41
113,301,216,42
113,301,216,320
113,301,216,321
113,301,216,43
113,301,130,318,144,332
113,301,130,321
113,301,130,43
113,301,130,44
113,301,130,322
113,301,130,323
113,301,130,45
113,301,217,42
113,301,217,320
113,301,217,321
113,301,217,43
113,301,131,44
113,301,131,322
113,301,131,323
113,301,131,45
113,301,218,40
113,301,218,321
113,301,218,43
113,301,132,320
113,301,132,323
113,301,132,45
113,301,219,41
113,301,133,321
113,301,220,42
113,301,134,322
113,301,221,43
113,303,218,40
113,303,218,321
113,303,218,43
113,303,132,320
113,303,132,323
113,303,132,45
113,303,219,41
113,303,133,321
113,303,220,42
113,303,134,322
113,303,221,43
113,26,220,42
113,26,220,323
113,26,220,45
113,26,134,322
113,26,221,43
113,26,222,44
113,26,136,324
113,26,223,45
113,304,219,41
113,304,133,321
113,304,220,42
113,304,134,322
113,304,221,43
113,27,221,43
113,27,222,44
113,27,136,324
113,27,223,45
113,305,218,40
113,305,218,321
113,305,218,43
113,305,132,320
113,305,132,323
113,305,132,45
113,305,219,41
113,305,133,321
113,305,220,42
113,305,134,322
113,305,221,43
113,28,220,42
113,28,220,323
113,28,220,45
113,28,134,322
113,28,221,43
113,28,222,44
113,28,136,324
113,28,223,45
113,306,132,320
113,306,132,323
113,306,132,45
113,306,219,41
113,306,133,321
113,306,220,42
113,306,134,322
113,306,221,43
113,29,221,43
113,29,222,44
113,29,136,324
113,29,223,45
113,307,133,321
113,307,220,42
113,307,134,322
113,307,221,43
113,30,222,44
113,30,136,324
113,30,223,45
113,308,134,322
113,308,221,43
113,31,223,45
17,206,33,222,47,236
17,206,33,222,325,148
17,206,33,225
17,206,33,138
17,206,33,139
17,206,33,226
17,206,33,140
17,206,33,227
17,206,33,141
17,206,33,228
17,206,311,134,47,236
17,206,311,134,325,148
17,206,311,224
17,206,311,137
17,206,311,225
17,206,311,138
17,206,311,139
17,206,311,226
17,206,311,140
17,206,34,223,325,148
17,206,34,139
17,206,34,226
17,206,34,140
17,206,34,227
17,206,34,141
17,206,34,228
17,206,312,135,325,148
17,206,312,137
17,206,312,225
17,206,312,138
17,206,312,139
17,206,312,226
17,206,312,140
17,206,35,226
17,206,35,140
17,206,35,227
17,206,35,141
17,206,35,228
17,206,313,138
17,206,313,139
17,206,313,226
17,206,313,140
17,206,36,225
17,206,36,227
17,206,36,141
17,206,36,228
17,206,314,137
17,206,37,226
17,206,315,138
17,206,38,227
17,206,316,139
17,206,317,140
17,209,36,225
17,209,36,227
17,209,36,141
17,209,36,228
17,209,314,137
17,209,37,226
17,209,315,138
17,209,38,227
17,209,316,139
17,209,317,140
17,123,315,138
17,123,38,227
17,123,316,139
17,123,317,140
17,123,40,229
17,123,318,141
17,210,314,137
17,210,37,226
17,210,315,138
17,210,38,227
17,210,316,139
17,210,317,140
17,124,316,139
17,124,317,140
17,124,40,229
17,124,318,141
17,211,36,225
17,211,36,227
17,211,36,141
17,211,36,228
17,211,314,137
17,211,37,226
17,211,315,138
17,211,38,227
17,211,316,139
17,211,317,140
17,125,315,138
17,125,38,227
17,125,316,139
17,125,317,140
17,125,40,229
17,125,318,141
17,212,314,137
17,212,37,226
17,212,315,138
17,212,38,227
17,212,316,139
17,212,317,140
17,213,37,226
17,213,315,138
17,213,38,227
17,213,316,139
17,213,317,140
17,126,40,229
17,126,318,141
17,214,38,227
17,214,316,139
17,214,317,140
