Duty No,Sign On Time,Sign On Loc,Sign Off Loc,Sign Off Time,Driving Hrs,Duty Hrs,Same Jurisdiction,Rake Num,Start Stn,Start Time,End Stn,End Time,Service Duration,Break,StepBack Rake
201,02:10,NFD,DW UP,08:26,03:43,06:16,Yes,304,NFD,02:35,DW UP,03:00,25,0,No StepBack
201,,,,,,,,304,DW UP,03:00,DSTO,03:22,22,3,No StepBack
201,,,,,,,,304,DSTO,03:25,DW DN,03:43,18,30,No StepBack
201,,,,,,,,313,DW DN,04:13,YB DN,05:09,56,0,No StepBack
201,,,,,,,,313,YB DN,05:09,VASI,05:26,17,10,No StepBack
201,,,,,,,,313,VASI,05:36,YB UP,05:52,16,88,No StepBack
201,,,,,,,,302,YB UP,07:20,DW UP,08:16,56,0,No StepBack
,,,,,,,,,,,,,
202,02:10,DSTO UP,DW DN,09:13,04:55,07:03,Yes,301,DSTO UP,02:35,DSTO,03:00,25,0,No StepBack
202,,,,,,,,301,DSTO,03:00,DW DN,03:21,21,42,No StepBack
202,,,,,,,,309,DW DN,04:03,YB DN,04:59,56,0,No StepBack
202,,,,,,,,309,YB DN,04:59,NECC,05:38,39,4,No StepBack
202,,,,,,,,309,NECC,05:42,YB UP,06:20,38,51,No StepBack
202,,,,,,,,306,YB UP,07:11,DW UP,08:07,56,0,No StepBack
202,,,,,,,,306,DW UP,08:07,DW DN,09:03,56,0,307
,,,,,,,,,,,,,
401,02:10,NECC 3RD,YB UP,08:43,04:13,06:33,Yes,306,NECC 3RD,02:35,NECC,03:00,25,0,No StepBack
401,,,,,,,,306,NECC,03:00,YB UP,03:45,45,33,No StepBack
401,,,,,,,,301,YB DN,04:18,NECC,04:57,39,7,No StepBack
401,,,,,,,,301,NECC,05:04,YB UP,05:42,38,72,No StepBack
401,,,,,,,,314,YB DN,06:54,YB UP,08:33,99,0,319
,,,,,,,,,,,,,
402,02:10,VASI UP,YB UP,09:16,04:56,07:06,Yes,302,VASI UP,02:35,VASI,03:00,25,0,No StepBack
402,,,,,,,,302,VASI,03:00,YB UP,03:19,19,0,No StepBack
402,,,,,,,,302,YB UP,03:19,DW UP,04:23,64,0,No StepBack
402,,,,,,,,302,DW UP,04:23,DSTO,04:42,19,3,No StepBack
402,,,,,,,,302,DSTO,04:45,DW DN,05:03,18,55,No StepBack
402,,,,,,,,314,DW DN,05:58,YB DN,06:54,56,40,No StepBack
402,,,,,,,,317,YB DN,07:34,YB UP,09:06,92,0,303
,,,,,,,,,,,,,
203,02:10,NFD,DW DN,08:39,04:02,06:29,Yes,307,NFD,02:35,DW DN,03:00,25,0,No StepBack
203,,,,,,,,307,DW DN,03:00,YB DN,04:05,65,79,No StepBack
203,,,,,,,,315,YB DN,05:24,VASI,05:41,17,10,No StepBack
203,,,,,,,,315,VASI,05:51,YB UP,06:07,16,0,No StepBack
203,,,,,,,,315,YB UP,06:07,DW UP,07:03,56,33,No StepBack
203,,,,,,,,321,DW UP,07:36,DW DN,08:29,53,0,323
,,,,,,,,,,,,,
204,02:20,NFD,DW UP,09:44,05:16,07:24,Yes,308,NFD,02:45,DW UP,03:10,25,0,No StepBack
204,,,,,,,,308,DW UP,03:10,DSTO,03:29,19,6,No StepBack
204,,,,,,,,308,DSTO,03:35,DW DN,03:53,18,34,No StepBack
204,,,,,,,,305,DW UP,04:27,DSTO,04:46,19,9,No StepBack
204,,,,,,,,305,DSTO,04:55,DW DN,05:13,18,0,No StepBack
204,,,,,,,,305,DW DN,05:13,YB DN,06:09,56,0,No StepBack
204,,,,,,,,305,YB DN,06:09,VASI,06:26,17,10,No StepBack
204,,,,,,,,305,VASI,06:36,YB UP,06:52,16,59,No StepBack
204,,,,,,,,313,YB DN,07:51,YB UP,08:38,47,0,308
204,,,,,,,,308,YB UP,08:38,DW UP,09:34,56,0,No StepBack
,,,,,,,,,,,,,
403,02:20,YBD,YB UP,09:44,05:18,07:24,Yes,310,YBD,02:45,VASI,03:26,41,9,No StepBack
403,,,,,,,,310,VASI,03:35,YB UP,03:51,16,0,No StepBack
403,,,,,,,,310,YB UP,03:51,DW UP,04:47,56,56,No StepBack
403,,,,,,,,311,DW DN,05:43,YB DN,06:39,56,0,No StepBack
403,,,,,,,,311,YB DN,06:39,YB UP,08:11,92,35,332
403,,,,,,,,305,YB DN,08:46,YB UP,09:34,48,0,325
,,,,,,,,,,,,,
205,02:25,DSTO DN,DW UP,09:28,04:28,07:03,Yes,303,DSTO DN,02:50,DSTO,03:15,25,0,No StepBack
205,,,,,,,,303,DSTO,03:15,DW DN,03:33,18,0,No StepBack
205,,,,,,,,303,DW DN,03:33,YB DN,04:29,56,33,No StepBack
205,,,,,,,,317,YB UP,05:02,DW UP,05:58,56,56,No StepBack
205,,,,,,,,313,DW DN,06:54,YB DN,07:51,57,31,No StepBack
205,,,,,,,,314,YB UP,08:22,DW UP,09:18,56,0,No StepBack
,,,,,,,,,,,,,
404,02:25,NESY,YB UP,09:39,05:10,07:14,Yes,311,NESY,02:50,NECC,03:15,25,0,No StepBack
404,,,,,,,,311,NECC,03:15,YB UP,03:53,38,0,No StepBack
404,,,,,,,,311,YB UP,03:53,DW UP,04:49,56,39,No StepBack
404,,,,,,,,319,DW UP,05:28,DSTO,05:47,19,5,No StepBack
404,,,,,,,,319,DSTO,05:52,DW DN,06:10,18,0,No StepBack
404,,,,,,,,319,DW DN,06:10,YB DN,07:06,56,50,No StepBack
404,,,,,,,,320,YB DN,07:56,YB UP,09:29,93,0,324
,,,,,,,,,,,,,
405,02:25,VASI DN,YB DN,09:24,04:25,06:59,Yes,305,VASI DN,02:50,VASI,03:15,25,0,No StepBack
405,,,,,,,,305,VASI,03:15,YB UP,03:31,16,0,No StepBack
405,,,,,,,,305,YB UP,03:31,DW UP,04:27,56,56,No StepBack
405,,,,,,,,316,DW DN,05:23,YB DN,06:19,56,33,No StepBack
405,,,,,,,,305,YB UP,06:52,DW UP,07:48,56,30,No StepBack
405,,,,,,,,302,DW DN,08:18,YB DN,09:14,56,0,No StepBack
,,,,,,,,,,,,,
406,02:25,YBD,YB DN,09:19,04:36,06:54,Yes,312,YBD,02:50,NECC,03:57,67,7,No StepBack
406,,,,,,,,312,NECC,04:04,YB UP,04:42,38,40,No StepBack
406,,,,,,,,320,YB UP,05:22,DW UP,06:18,56,63,No StepBack
406,,,,,,,,325,DW UP,07:21,DW DN,08:13,52,0,310
406,,,,,,,,310,DW DN,08:13,YB DN,09:09,56,0,No StepBack
,,,,,,,,,,,,,
206,02:30,NFD,DW DN,09:52,05:17,07:22,Yes,309,NFD,02:55,DW UP,03:20,25,0,No StepBack
206,,,,,,,,309,DW UP,03:20,DSTO,03:39,19,6,No StepBack
206,,,,,,,,309,DSTO,03:45,DW DN,04:03,18,40,No StepBack
206,,,,,,,,318,DW DN,04:43,YB DN,05:39,56,0,No StepBack
206,,,,,,,,318,YB DN,05:39,NECC,06:18,39,8,No StepBack
206,,,,,,,,318,NECC,06:26,YB UP,07:04,38,50,No StepBack
206,,,,,,,,312,YB UP,07:54,DW UP,08:50,56,0,No StepBack
206,,,,,,,,312,DW UP,08:50,DW DN,09:42,52,0,330
,,,,,,,,,,,,,
207,02:40,NFD,DW UP,10:01,05:15,07:21,Yes,313,NFD,03:05,DW UP,03:30,25,0,No StepBack
207,,,,,,,,313,DW UP,03:30,DSTO,03:49,19,6,No StepBack
207,,,,,,,,313,DSTO,03:55,DW DN,04:13,18,40,No StepBack
207,,,,,,,,310,DW DN,04:53,YB DN,05:49,56,0,No StepBack
207,,,,,,,,310,YB DN,05:49,VASI,06:06,17,10,No StepBack
207,,,,,,,,310,VASI,06:16,YB UP,06:32,16,51,No StepBack
207,,,,,,,,328,YB DN,07:23,YB UP,08:55,92,0,317
207,,,,,,,,317,YB UP,08:55,DW UP,09:51,56,0,No StepBack
,,,,,,,,,,,,,
407,02:45,YBD,YB DN,09:41,04:26,06:56,Yes,314,YBD,03:10,VASI,03:49,39,7,No StepBack
407,,,,,,,,314,VASI,03:56,YB UP,04:12,16,30,No StepBack
407,,,,,,,,312,YB UP,04:42,DW UP,05:38,56,0,No StepBack
407,,,,,,,,312,DW UP,05:38,DSTO,05:57,19,3,No StepBack
407,,,,,,,,312,DSTO,06:00,DW DN,06:18,18,85,No StepBack
407,,,,,,,,323,DW UP,07:43,DW DN,08:35,52,0,327
407,,,,,,,,327,DW DN,08:35,YB DN,09:31,56,0,No StepBack
,,,,,,,,,,,,,
408,02:55,NESY,YB UP,10:01,05:05,07:06,Yes,316,NESY,03:20,NECC,03:45,25,0,No StepBack
408,,,,,,,,316,NECC,03:45,YB UP,04:23,38,0,No StepBack
408,,,,,,,,316,YB UP,04:23,DW UP,05:19,56,34,No StepBack
408,,,,,,,,307,DW DN,05:53,YB DN,06:49,56,0,No StepBack
408,,,,,,,,307,YB DN,06:49,VASI,07:06,17,4,No StepBack
408,,,,,,,,307,VASI,07:10,YB UP,07:26,16,52,No StepBack
408,,,,,,,,301,YB DN,08:18,YB UP,09:51,93,0,322
,,,,,,,,,,,,,
208,02:55,NFD,DW DN,10:20,05:12,07:25,Yes,315,NFD,03:20,DW UP,03:45,25,0,No StepBack
208,,,,,,,,315,DW UP,03:45,DSTO,04:04,19,6,No StepBack
208,,,,,,,,315,DSTO,04:10,DW DN,04:28,18,0,No StepBack
208,,,,,,,,315,DW DN,04:28,YB DN,05:24,56,55,No StepBack
208,,,,,,,,316,YB DN,06:19,NECC,06:58,39,3,No StepBack
208,,,,,,,,316,NECC,07:01,YB UP,07:39,38,0,No StepBack
208,,,,,,,,316,YB UP,07:39,DW UP,08:35,56,43,No StepBack
208,,,,,,,,314,DW UP,09:18,DW DN,10:10,52,0,313
,,,,,,,,,,,,,
409,02:55,YBD,YB UP,10:18,05:08,07:23,Yes,317,YBD,03:20,NECC,04:21,61,3,No StepBack
409,,,,,,,,317,NECC,04:24,YB UP,05:02,38,61,No StepBack
409,,,,,,,,304,YB UP,06:03,DW UP,06:59,56,0,No StepBack
409,,,,,,,,304,DW UP,06:59,DW DN,07:45,46,39,315
409,,,,,,,,321,DW DN,08:24,YB DN,09:20,56,0,No StepBack
409,,,,,,,,321,YB DN,09:20,YB UP,10:08,48,0,327
,,,,,,,,,,,,,
209,03:06,DW DN,DW UP,10:35,05:12,07:29,Yes,301,DW DN,03:21,YB DN,04:18,57,31,No StepBack
209,,,,,,,,308,YB DN,04:49,VASI,05:06,17,8,No StepBack
209,,,,,,,,308,VASI,05:14,YB UP,05:30,16,0,No StepBack
209,,,,,,,,308,YB UP,05:30,DW UP,06:26,56,50,No StepBack
209,,,,,,,,309,DW UP,07:16,DW DN,08:01,45,0,325
209,,,,,,,,325,DW DN,08:01,YB DN,08:58,57,31,No StepBack
209,,,,,,,,324,YB UP,09:29,DW UP,10:25,56,0,No StepBack
,,,,,,,,,,,,,
410,03:05,YBD,YB UP,10:12,05:08,07:07,Yes,319,YBD,03:30,VASI,04:09,39,7,No StepBack
410,,,,,,,,319,VASI,04:16,YB UP,04:32,16,0,No StepBack
410,,,,,,,,319,YB UP,04:32,DW UP,05:28,56,50,No StepBack
410,,,,,,,,320,DW UP,06:18,DSTO,06:37,19,4,No StepBack
410,,,,,,,,320,DSTO,06:41,DW DN,07:00,19,0,No StepBack
410,,,,,,,,320,DW DN,07:00,YB DN,07:56,56,34,No StepBack
410,,,,,,,,322,YB DN,08:30,YB UP,10:02,92,0,315
,,,,,,,,,,,,,
210,03:10,NFD,DW DN,10:03,04:39,06:53,Yes,318,NFD,03:35,DW UP,04:00,25,0,No StepBack
210,,,,,,,,318,DW UP,04:00,DSTO,04:19,19,6,No StepBack
210,,,,,,,,318,DSTO,04:25,DW DN,04:43,18,45,No StepBack
210,,,,,,,,306,DW DN,05:28,YB DN,06:24,56,0,No StepBack
210,,,,,,,,306,YB DN,06:24,VASI,06:41,17,14,No StepBack
210,,,,,,,,306,VASI,06:55,YB UP,07:11,16,54,No StepBack
210,,,,,,,,330,YB UP,08:05,DW UP,09:01,56,0,No StepBack
210,,,,,,,,330,DW UP,09:01,DW DN,09:53,52,0,332
,,,,,,,,,,,,,
411,03:15,YBD,YB DN,10:31,05:10,07:16,Yes,320,YBD,03:40,NECC,04:41,61,3,No StepBack
411,,,,,,,,320,NECC,04:44,YB UP,05:22,38,35,No StepBack
411,,,,,,,,322,YB UP,05:57,DW UP,06:53,56,0,No StepBack
411,,,,,,,,322,DW UP,06:53,DW DN,07:39,46,56,304
411,,,,,,,,316,DW UP,08:35,DW DN,09:25,50,0,329
411,,,,,,,,329,DW DN,09:25,YB DN,10:21,56,0,No StepBack
,,,,,,,,,,,,,
211,03:28,DW DN,DW DN,10:31,04:55,07:03,Yes,304,DW DN,03:43,YB DN,04:39,56,0,No StepBack
211,,,,,,,,304,YB DN,04:39,NECC,05:18,39,7,No StepBack
211,,,,,,,,304,NECC,05:25,YB UP,06:03,38,61,No StepBack
211,,,,,,,,318,YB UP,07:04,DW UP,08:00,56,0,No StepBack
211,,,,,,,,318,DW UP,08:00,DW DN,08:52,52,42,306
211,,,,,,,,308,DW UP,09:34,DW DN,10:21,47,0,328
,,,,,,,,,,,,,
412,03:30,YB UP,YB DN,10:59,05:11,07:29,Yes,306,YB UP,03:45,DW UP,04:41,56,0,No StepBack
412,,,,,,,,306,DW UP,04:41,DSTO,05:00,19,10,No StepBack
412,,,,,,,,306,DSTO,05:10,DW DN,05:28,18,30,No StepBack
412,,,,,,,,317,DW UP,05:58,DSTO,06:17,19,3,No StepBack
412,,,,,,,,317,DSTO,06:20,DW DN,06:38,18,0,No StepBack
412,,,,,,,,317,DW DN,06:38,YB DN,07:34,56,53,No StepBack
412,,,,,,,,313,YB UP,08:27,DW UP,09:23,56,30,No StepBack
412,,,,,,,,332,DW DN,09:53,YB DN,10:49,56,0,No StepBack
,,,,,,,,,,,,,
212,03:38,DW DN,DW DN,09:46,04:04,06:08,Yes,308,DW DN,03:53,YB DN,04:49,56,30,No StepBack
212,,,,,,,,321,YB DN,05:19,NECC,05:58,39,4,No StepBack
212,,,,,,,,321,NECC,06:02,YB UP,06:40,38,0,No StepBack
212,,,,,,,,321,YB UP,06:40,DW UP,07:36,56,69,No StepBack
212,,,,,,,,329,DW UP,08:45,DW DN,09:36,51,0,312
,,,,,,,,,,,,,
213,03:33,NFD,DW UP,11:02,05:00,07:29,Yes,321,NFD,03:58,DW DN,04:23,25,0,No StepBack
213,,,,,,,,321,DW DN,04:23,YB DN,05:19,56,33,No StepBack
213,,,,,,,,313,YB UP,05:52,DW UP,06:48,56,51,No StepBack
213,,,,,,,,304,DW DN,07:39,YB DN,08:35,56,0,No StepBack
213,,,,,,,,304,YB DN,08:35,YB UP,09:26,51,30,305
213,,,,,,,,321,YB UP,09:56,DW UP,10:52,56,0,No StepBack
,,,,,,,,,,,,,
413,03:50,YB DN,YB UP,11:13,05:04,07:23,Yes,307,YB DN,04:05,VASI,04:22,17,14,No StepBack
413,,,,,,,,307,VASI,04:36,YB UP,04:52,16,0,No StepBack
413,,,,,,,,307,YB UP,04:52,DW UP,05:48,56,30,No StepBack
413,,,,,,,,312,DW DN,06:18,YB DN,07:14,56,0,No StepBack
413,,,,,,,,312,YB DN,07:14,YB UP,08:05,51,53,330
413,,,,,,,,325,YB DN,08:58,YB UP,09:45,47,31,310
413,,,,,,,,316,YB DN,10:16,YB UP,11:03,47,0,319
,,,,,,,,,,,,,
414,03:57,YB UP,YB UP,10:57,04:59,07:00,Yes,314,YB UP,04:12,DW UP,05:08,56,0,No StepBack
414,,,,,,,,314,DW UP,05:08,DSTO,05:27,19,13,No StepBack
414,,,,,,,,314,DSTO,05:40,DW DN,05:58,18,40,No StepBack
414,,,,,,,,301,DW UP,06:38,DSTO,06:57,19,6,No StepBack
414,,,,,,,,301,DSTO,07:03,DW DN,07:22,19,0,No StepBack
414,,,,,,,,301,DW DN,07:22,YB DN,08:18,56,56,No StepBack
414,,,,,,,,302,YB DN,09:14,YB UP,10:47,93,0,323
,,,,,,,,,,,,,
415,04:14,YB DN,YB DN,11:44,05:07,07:30,Yes,303,YB DN,04:29,VASI,04:46,17,10,No StepBack
415,,,,,,,,303,VASI,04:56,YB UP,05:12,16,0,No StepBack
415,,,,,,,,303,YB UP,05:12,DW UP,06:08,56,0,No StepBack
415,,,,,,,,303,DW UP,06:08,DSTO,06:27,19,3,No StepBack
415,,,,,,,,303,DSTO,06:30,DW DN,06:48,18,57,No StepBack
415,,,,,,,,315,DW DN,07:45,YB DN,08:41,56,31,No StepBack
415,,,,,,,,304,YB UP,09:12,DW UP,10:08,56,30,No StepBack
415,,,,,,,,301,DW DN,10:38,YB DN,11:34,56,0,No StepBack
,,,,,,,,,,,,,
214,04:34,DW UP,DW DN,11:49,05:05,07:15,Yes,311,DW UP,04:49,DSTO,05:08,19,17,No StepBack
214,,,,,,,,311,DSTO,05:25,DW DN,05:43,18,43,No StepBack
214,,,,,,,,308,DW UP,06:26,DSTO,06:45,19,3,No StepBack
214,,,,,,,,308,DSTO,06:48,DW DN,07:06,18,0,No StepBack
214,,,,,,,,308,DW DN,07:06,YB DN,08:02,56,0,No StepBack
214,,,,,,,,308,YB DN,08:02,YB UP,08:49,47,62,334
214,,,,,,,,322,YB UP,09:51,DW UP,10:47,56,0,No StepBack
214,,,,,,,,322,DW UP,10:47,DW DN,11:39,52,0,315
,,,,,,,,,,,,,
416,04:29,NESY,YB UP,11:53,05:24,07:24,Yes,322,NESY,04:54,NECC,05:19,25,0,No StepBack
416,,,,,,,,322,NECC,05:19,YB UP,05:57,38,35,No StepBack
416,,,,,,,,310,YB UP,06:32,DW UP,07:28,56,0,No StepBack
416,,,,,,,,310,DW UP,07:28,DW DN,08:24,56,50,321
416,,,,,,,,331,DW DN,09:14,YB DN,10:10,56,0,No StepBack
416,,,,,,,,331,YB DN,10:10,YB UP,11:43,93,0,329
,,,,,,,,,,,,,
215,04:48,DW DN,DW DN,11:44,04:58,06:56,Yes,302,DW DN,05:03,YB DN,05:59,56,0,No StepBack
215,,,,,,,,302,YB DN,05:59,NECC,06:38,39,4,No StepBack
215,,,,,,,,302,NECC,06:42,YB UP,07:20,38,51,No StepBack
215,,,,,,,,332,YB UP,08:11,DW UP,09:07,56,0,No StepBack
215,,,,,,,,332,DW UP,09:07,DW DN,09:59,52,42,314
215,,,,,,,,310,DW UP,10:41,DW DN,11:34,53,0,322
,,,,,,,,,,,,,
417,04:40,YBD,YB DN,12:06,05:12,07:26,Yes,323,YBD,05:05,NECC,06:06,61,3,No StepBack
417,,,,,,,,323,NECC,06:09,YB UP,06:47,38,39,No StepBack
417,,,,,,,,307,YB UP,07:26,DW UP,08:22,56,0,No StepBack
417,,,,,,,,307,DW UP,08:22,DW DN,09:08,46,60,333
417,,,,,,,,304,DW UP,10:08,DW DN,11:00,52,0,320
417,,,,,,,,320,DW DN,11:00,YB DN,11:56,56,0,No StepBack
,,,,,,,,,,,,,
418,04:47,YBD,YB UP,12:15,05:15,07:28,Yes,324,YBD,05:12,VASI,05:51,39,5,No StepBack
418,,,,,,,,324,VASI,05:56,YB UP,06:12,16,0,No StepBack
418,,,,,,,,324,YB UP,06:12,DW UP,07:08,56,46,No StepBack
418,,,,,,,,327,DW UP,07:54,DW DN,08:44,50,0,318
418,,,,,,,,318,DW DN,08:44,YB DN,09:40,56,52,No StepBack
418,,,,,,,,312,YB DN,10:32,YB UP,12:05,93,0,334
,,,,,,,,,,,,,
419,04:57,NESY,YB UP,12:20,05:14,07:23,Yes,325,NESY,05:22,NECC,05:47,25,0,No StepBack
419,,,,,,,,325,NECC,05:47,YB UP,06:25,38,0,No StepBack
419,,,,,,,,325,YB UP,06:25,DW UP,07:21,56,35,No StepBack
419,,,,,,,,309,DW DN,07:56,YB DN,08:52,56,0,No StepBack
419,,,,,,,,309,YB DN,08:52,YB UP,10:24,92,59,336
419,,,,,,,,305,YB DN,11:23,YB UP,12:10,47,0,301
,,,,,,,,,,,,,
216,05:16,NFD,DW DN,12:06,04:53,06:50,Yes,326,NFD,05:41,DW DN,06:06,25,0,No StepBack
216,,,,,,,,326,DW DN,06:06,YB DN,07:02,56,0,No StepBack
216,,,,,,,,326,YB DN,07:02,YB UP,07:54,52,50,312
216,,,,,,,,328,YB UP,08:44,DW UP,09:40,56,0,No StepBack
216,,,,,,,,328,DW UP,09:40,DW DN,10:32,52,32,317
216,,,,,,,,327,DW UP,11:04,DW DN,11:56,52,0,318
,,,,,,,,,,,,,
420,05:27,YB UP,YB UP,11:36,04:13,06:09,Yes,301,YB UP,05:42,DW UP,06:38,56,33,No StepBack
420,,,,,,,,324,DW DN,07:11,YB DN,08:07,56,0,No StepBack
420,,,,,,,,324,YB DN,08:07,YB UP,09:40,93,58,301
420,,,,,,,,330,YB DN,10:38,YB UP,11:26,48,0,332
,,,,,,,,,,,,,
421,05:33,YBD,YB UP,12:48,05:16,07:15,Yes,327,YBD,05:58,VASI,06:37,39,5,No StepBack
421,,,,,,,,327,VASI,06:42,YB UP,06:58,16,0,No StepBack
421,,,,,,,,327,YB UP,06:58,DW UP,07:54,56,34,No StepBack
421,,,,,,,,333,DW UP,08:28,DW DN,09:20,52,0,316
421,,,,,,,,316,DW DN,09:20,YB DN,10:16,56,50,No StepBack
421,,,,,,,,313,YB DN,11:06,YB UP,12:38,92,0,328
,,,,,,,,,,,,,
217,05:37,NFD,DW UP,13:05,04:56,07:28,Yes,328,NFD,06:02,DW DN,06:27,25,0,No StepBack
217,,,,,,,,328,DW DN,06:27,YB DN,07:23,56,53,No StepBack
217,,,,,,,,331,YB UP,08:16,DW UP,09:12,56,30,No StepBack
217,,,,,,,,330,DW DN,09:42,YB DN,10:38,56,34,No StepBack
217,,,,,,,,308,YB DN,11:12,YB UP,11:59,47,0,305
217,,,,,,,,305,YB UP,11:59,DW UP,12:55,56,0,No StepBack
,,,,,,,,,,,,,
218,05:42,NFD,DW UP,13:11,04:57,07:29,Yes,330,NFD,06:07,DW DN,06:32,25,0,No StepBack
218,,,,,,,,330,DW DN,06:32,YB DN,07:28,56,0,No StepBack
218,,,,,,,,330,YB DN,07:28,YB UP,08:16,48,50,331
218,,,,,,,,303,YB UP,09:06,DW UP,10:02,56,30,No StepBack
218,,,,,,,,317,DW DN,10:32,YB DN,11:28,56,37,No StepBack
218,,,,,,,,334,YB UP,12:05,DW UP,13:01,56,0,No StepBack
,,,,,,,,,,,,,
219,05:55,DSTO DN,DW UP,13:16,04:55,07:21,Yes,331,DSTO DN,06:20,DSTO,06:25,5,0,No StepBack
219,,,,,,,,331,DSTO,06:25,DW DN,06:43,18,0,No StepBack
219,,,,,,,,331,DW DN,06:43,YB DN,07:39,56,0,No StepBack
219,,,,,,,,331,YB DN,07:39,YB UP,08:27,48,50,313
219,,,,,,,,320,YB UP,09:17,DW UP,10:13,56,30,No StepBack
219,,,,,,,,335,DW DN,10:43,YB DN,11:39,56,31,No StepBack
219,,,,,,,,301,YB UP,12:10,DW UP,13:06,56,0,No StepBack
,,,,,,,,,,,,,
422,06:05,YB UP,YB UP,13:50,05:22,07:45,Yes,309,YB UP,06:20,DW UP,07:16,56,34,No StepBack
422,,,,,,,,305,DW DN,07:50,YB DN,08:46,56,54,No StepBack
422,,,,,,,,318,YB DN,09:40,YB UP,10:30,50,0,311
422,,,,,,,,311,YB UP,10:30,DW UP,11:26,56,30,No StepBack
422,,,,,,,,318,DW DN,11:56,YB DN,12:52,56,0,No StepBack
422,,,,,,,,318,YB DN,12:52,YB UP,13:40,48,0,336
,,,,,,,,,,,,,
423,06:05,YBD,YB DN,14:03,05:24,07:58,Yes,332,YBD,06:30,YB UP,08:22,112,69,314
423,,,,,,,,327,YB DN,09:31,YB UP,10:19,48,0,318
423,,,,,,,,318,YB UP,10:19,DW UP,11:15,56,50,No StepBack
423,,,,,,,,306,DW UP,12:05,DW DN,12:57,52,0,330
423,,,,,,,,330,DW DN,12:57,YB DN,13:53,56,0,No StepBack
,,,,,,,,,,,,,
424,06:08,YBD,YB UP,14:07,05:26,07:59,Yes,333,YBD,06:33,YB UP,07:42,69,0,326
424,,,,,,,,326,YB UP,07:42,DW UP,08:38,56,79,No StepBack
424,,,,,,,,335,DW UP,09:57,DW DN,10:49,52,0,304
424,,,,,,,,304,DW DN,10:49,YB DN,11:45,56,39,No StepBack
424,,,,,,,,311,YB DN,12:24,YB UP,13:57,93,0,315
,,,,,,,,,,,,,
425,06:21,NECC DN,YB UP,13:11,04:28,06:50,Yes,329,NECC DN,06:46,NECC,07:11,25,0,No StepBack
425,,,,,,,,329,NECC,07:11,YB UP,07:49,38,0,No StepBack
425,,,,,,,,329,YB UP,07:49,DW UP,08:45,56,74,No StepBack
425,,,,,,,,314,DW DN,09:59,YB DN,10:55,56,33,No StepBack
425,,,,,,,,317,YB DN,11:28,YB UP,13:01,93,0,335
,,,,,,,,,,,,,
901,06:32,YB UP,DW UP,11:42,02:49,05:10,No,323,YB UP,06:47,DW UP,07:43,56,85,No StepBack
901,,,,,,,,333,DW DN,09:08,YB DN,10:05,57,31,No StepBack
901,,,,,,,,302,YB UP,10:36,DW UP,11:32,56,0,No StepBack
,,,,,,,,,,,,,
220,06:33,DW DN,DW UP,14:07,05:17,07:34,Yes,303,DW DN,06:48,YB DN,07:44,56,0,No StepBack
220,,,,,,,,303,YB DN,07:44,YB UP,09:17,93,51,320
220,,,,,,,,327,YB UP,10:08,DW UP,11:04,56,30,No StepBack
220,,,,,,,,322,DW DN,11:34,YB DN,12:30,56,31,No StepBack
220,,,,,,,,335,YB UP,13:01,DW UP,13:57,56,0,No StepBack
,,,,,,,,,,,,,
221,06:27,NFD,DW DN,12:34,03:57,06:07,Yes,334,NFD,06:52,DW DN,07:17,25,0,No StepBack
221,,,,,,,,334,DW DN,07:17,YB DN,08:13,56,0,No StepBack
221,,,,,,,,334,YB DN,08:13,YB UP,09:01,48,61,335
221,,,,,,,,315,YB UP,10:02,DW UP,10:58,56,34,No StepBack
221,,,,,,,,302,DW UP,11:32,DW DN,12:24,52,0,333
,,,,,,,,,,,,,
222,06:38,NFD,DW DN,14:37,05:31,07:59,Yes,335,NFD,07:03,DW DN,07:28,25,0,No StepBack
222,,,,,,,,335,DW DN,07:28,YB DN,08:24,56,0,No StepBack
222,,,,,,,,335,YB DN,08:24,YB UP,09:12,48,69,304
222,,,,,,,,329,YB DN,10:21,YB UP,11:54,93,0,312
222,,,,,,,,312,YB UP,11:54,DW UP,12:50,56,44,No StepBack
222,,,,,,,,328,DW UP,13:34,DW DN,14:27,53,0,317
,,,,,,,,,,,,,
223,06:48,DW UP,DW UP,14:29,05:50,07:41,Yes,315,DW UP,07:03,DW DN,07:56,53,33,309
223,,,,,,,,323,DW DN,08:29,YB DN,09:25,56,0,No StepBack
223,,,,,,,,323,YB DN,09:25,YB UP,10:58,93,53,326
223,,,,,,,,321,YB DN,11:51,YB UP,13:23,92,0,324
223,,,,,,,,324,YB UP,13:23,DW UP,14:19,56,0,No StepBack
,,,,,,,,,,,,,
426,06:51,YB DN,YB UP,14:40,05:54,07:49,Yes,319,YB DN,07:06,YB UP,08:44,98,50,328
426,,,,,,,,325,YB UP,09:34,DW UP,10:30,56,0,No StepBack
426,,,,,,,,325,DW UP,10:30,DW DN,11:22,52,40,310
426,,,,,,,,319,DW DN,12:02,YB DN,12:58,56,0,No StepBack
426,,,,,,,,319,YB DN,12:58,YB UP,14:30,92,0,302
,,,,,,,,,,,,,
224,07:01,DSTO,DW DN,14:48,05:27,07:47,Yes,322,DSTO,07:16,DW DN,07:34,18,0,No StepBack
224,,,,,,,,322,DW DN,07:34,YB DN,08:30,56,33,No StepBack
224,,,,,,,,336,YB DN,09:03,YB UP,10:36,93,50,302
224,,,,,,,,332,YB UP,11:26,DW UP,12:22,56,0,No StepBack
224,,,,,,,,332,DW UP,12:22,DW DN,13:14,52,32,331
224,,,,,,,,317,DW UP,13:46,DW DN,14:38,52,0,310
,,,,,,,,,,,,,
427,07:01,VASI,YB DN,14:59,05:39,07:58,Yes,333,VASI,07:16,YB UP,07:32,16,0,No StepBack
427,,,,,,,,333,YB UP,07:32,DW UP,08:28,56,30,No StepBack
427,,,,,,,,311,DW DN,08:58,YB DN,09:54,56,0,No StepBack
427,,,,,,,,311,YB DN,09:54,YB UP,10:41,47,50,333
427,,,,,,,,331,YB UP,11:31,DW UP,12:27,56,34,No StepBack
427,,,,,,,,334,DW UP,13:01,DW DN,13:53,52,0,314
427,,,,,,,,314,DW DN,13:53,YB DN,14:49,56,0,No StepBack
,,,,,,,,,,,,,
428,07:07,NECC,YB UP,15:02,05:35,07:55,Yes,311,NECC,07:22,YB UP,08:00,38,0,No StepBack
428,,,,,,,,311,YB UP,08:00,DW UP,08:56,56,35,No StepBack
428,,,,,,,,319,DW DN,09:31,YB DN,10:27,56,50,No StepBack
428,,,,,,,,328,YB DN,11:17,YB UP,12:50,93,30,317
428,,,,,,,,333,YB DN,13:20,YB UP,14:52,92,0,303
,,,,,,,,,,,,,
225,07:17,NFD,DW DN,14:53,05:01,07:36,Yes,336,NFD,07:42,DW DN,08:07,25,0,No StepBack
225,,,,,,,,336,DW DN,08:07,YB DN,09:03,56,37,No StepBack
225,,,,,,,,301,YB UP,09:40,DW UP,10:36,56,52,No StepBack
225,,,,,,,,311,DW DN,11:28,YB DN,12:24,56,31,No StepBack
225,,,,,,,,310,YB UP,12:55,DW UP,13:51,56,0,No StepBack
225,,,,,,,,310,DW UP,13:51,DW DN,14:43,52,0,322
,,,,,,,,,,,,,
429,08:18,YB UP,YB DN,15:16,04:36,06:58,Yes,319,YB UP,08:33,DW UP,09:29,56,52,No StepBack
429,,,,,,,,328,DW DN,10:21,YB DN,11:17,56,31,No StepBack
429,,,,,,,,308,YB UP,11:48,DW UP,12:44,56,0,No StepBack
429,,,,,,,,308,DW UP,12:44,DW DN,13:36,52,34,305
429,,,,,,,,320,DW DN,14:10,YB DN,15:06,56,0,No StepBack
,,,,,,,,,,,,,
430,08:26,YB DN,YB UP,16:21,05:45,07:55,Yes,315,YB DN,08:41,YB UP,10:13,92,36,309
430,,,,,,,,332,YB DN,10:49,YB UP,11:37,48,0,303
430,,,,,,,,303,YB UP,11:37,DW UP,12:33,56,69,No StepBack
430,,,,,,,,309,DW DN,13:42,YB DN,14:38,56,0,No StepBack
430,,,,,,,,309,YB DN,14:38,YB UP,16:11,93,0,314
,,,,,,,,,,,,,
226,08:26,DW DN,DW DN,16:12,05:49,07:46,Yes,326,DW DN,08:41,YB DN,09:37,56,0,No StepBack
226,,,,,,,,326,YB DN,09:37,YB UP,11:09,92,53,306
226,,,,,,,,324,YB DN,12:02,YB UP,13:34,92,0,325
226,,,,,,,,325,YB UP,13:34,DW UP,14:30,56,39,No StepBack
226,,,,,,,,326,DW UP,15:09,DW DN,16:02,53,0,319
,,,,,,,,,,,,,
431,08:34,YB UP,YB DN,16:23,05:24,07:49,Yes,334,YB UP,08:49,DW UP,09:45,56,40,No StepBack
431,,,,,,,,324,DW UP,10:25,DW DN,11:17,52,0,325
431,,,,,,,,325,DW DN,11:17,YB DN,12:13,56,50,No StepBack
431,,,,,,,,336,YB DN,13:03,YB UP,13:51,48,0,307
431,,,,,,,,307,YB UP,13:51,DW UP,14:47,56,30,No StepBack
431,,,,,,,,336,DW DN,15:17,YB DN,16:13,56,0,No StepBack
,,,,,,,,,,,,,
227,08:37,DW DN,DW DN,16:28,05:28,07:51,Yes,306,DW DN,08:52,YB DN,09:48,56,36,No StepBack
227,,,,,,,,336,YB UP,10:24,DW UP,11:20,56,51,No StepBack
227,,,,,,,,330,DW UP,12:11,DW DN,13:03,52,0,332
227,,,,,,,,332,DW DN,13:03,YB DN,13:59,56,31,No StepBack
227,,,,,,,,302,YB UP,14:30,DW UP,15:26,56,0,No StepBack
227,,,,,,,,302,DW UP,15:26,DW DN,16:18,52,0,332
,,,,,,,,,,,,,
432,08:46,YB UP,YB UP,16:26,05:19,07:40,Yes,335,YB UP,09:01,DW UP,09:57,56,30,No StepBack
432,,,,,,,,305,DW DN,10:27,YB DN,11:23,56,56,No StepBack
432,,,,,,,,310,YB DN,12:19,YB UP,13:06,47,0,322
432,,,,,,,,322,YB UP,13:06,DW UP,14:02,56,30,No StepBack
432,,,,,,,,325,DW DN,14:32,YB DN,15:28,56,0,No StepBack
432,,,,,,,,325,YB DN,15:28,YB UP,16:16,48,0,322
,,,,,,,,,,,,,
228,08:48,DW DN,DW UP,16:37,05:24,07:49,Yes,307,DW DN,09:03,YB DN,09:59,56,53,No StepBack
228,,,,,,,,316,YB UP,10:52,DW UP,11:48,56,0,No StepBack
228,,,,,,,,316,DW UP,11:48,DW DN,12:41,53,33,326
228,,,,,,,,331,DW DN,13:14,YB DN,14:10,56,34,No StepBack
228,,,,,,,,334,YB DN,14:44,YB UP,15:31,47,0,335
228,,,,,,,,335,YB UP,15:31,DW UP,16:27,56,0,No StepBack
,,,,,,,,,,,,,
433,08:54,YB DN,YB UP,16:54,05:43,08:00,Yes,310,YB DN,09:09,YB UP,09:56,47,59,321
433,,,,,,,,314,YB DN,10:55,YB UP,12:27,92,0,313
433,,,,,,,,313,YB UP,12:27,DW UP,13:23,56,53,No StepBack
433,,,,,,,,323,DW DN,14:16,YB DN,15:12,56,0,No StepBack
433,,,,,,,,323,YB DN,15:12,YB UP,16:44,92,0,317
,,,,,,,,,,,,,
229,09:08,DW UP,DW UP,16:54,05:29,07:46,Yes,313,DW UP,09:23,DW DN,10:15,52,0,308
229,,,,,,,,308,DW DN,10:15,YB DN,11:12,57,31,No StepBack
229,,,,,,,,329,YB UP,11:43,DW UP,12:39,56,50,No StepBack
229,,,,,,,,320,DW UP,13:29,DW DN,14:21,52,0,328
229,,,,,,,,328,DW DN,14:21,YB DN,15:17,56,31,No StepBack
229,,,,,,,,308,YB UP,15:48,DW UP,16:44,56,0,No StepBack
,,,,,,,,,,,,,
434,09:11,YB UP,YB DN,16:57,05:24,07:46,Yes,305,YB UP,09:26,DW UP,10:22,56,53,No StepBack
434,,,,,,,,318,DW UP,11:15,DW DN,12:07,52,0,336
434,,,,,,,,336,DW DN,12:07,YB DN,13:03,56,34,No StepBack
434,,,,,,,,326,YB DN,13:37,YB UP,14:24,47,0,312
434,,,,,,,,312,YB UP,14:24,DW UP,15:20,56,30,No StepBack
434,,,,,,,,326,DW DN,15:50,YB DN,16:47,57,0,No StepBack
,,,,,,,,,,,,,
230,09:21,DW DN,DW UP,16:21,04:37,07:00,Yes,312,DW DN,09:36,YB DN,10:32,56,37,No StepBack
230,,,,,,,,306,YB UP,11:09,DW UP,12:05,56,50,No StepBack
230,,,,,,,,305,DW UP,12:55,DW DN,13:48,53,0,334
230,,,,,,,,334,DW DN,13:48,YB DN,14:44,56,31,No StepBack
230,,,,,,,,330,YB UP,15:15,DW UP,16:11,56,0,No StepBack
,,,,,,,,,,,,,
435,09:30,YB UP,YB DN,17:19,05:25,07:49,Yes,310,YB UP,09:45,DW UP,10:41,56,56,No StepBack
435,,,,,,,,333,DW UP,11:37,DW DN,12:29,52,0,316
435,,,,,,,,316,DW DN,12:29,YB DN,13:26,57,33,No StepBack
435,,,,,,,,332,YB DN,13:59,YB UP,14:47,48,0,331
435,,,,,,,,331,YB UP,14:47,DW UP,15:43,56,30,No StepBack
435,,,,,,,,330,DW DN,16:13,YB DN,17:09,56,0,No StepBack
,,,,,,,,,,,,,
231,09:33,DW DN,DW DN,17:19,05:49,07:46,Yes,334,DW DN,09:48,YB DN,10:44,56,0,No StepBack
231,,,,,,,,334,YB DN,10:44,YB UP,12:16,92,53,314
231,,,,,,,,302,YB DN,13:09,YB UP,14:41,92,0,333
231,,,,,,,,333,YB UP,14:41,DW UP,15:37,56,39,No StepBack
231,,,,,,,,334,DW UP,16:16,DW DN,17:09,53,0,301
,,,,,,,,,,,,,
436,09:33,YB DN,YB UP,17:11,05:44,07:38,Yes,306,YB DN,09:48,YB UP,11:20,92,0,307
436,,,,,,,,307,YB UP,11:20,DW UP,12:16,56,53,No StepBack
436,,,,,,,,301,DW DN,13:09,YB DN,14:05,56,0,No StepBack
436,,,,,,,,301,YB DN,14:05,YB UP,15:37,92,36,329
436,,,,,,,,336,YB DN,16:13,YB UP,17:01,48,0,311
,,,,,,,,,,,,,
232,09:36,DW UP,DW DN,17:07,05:09,07:31,Yes,317,DW UP,09:51,DW DN,10:43,52,67,335
232,,,,,,,,327,DW DN,11:50,YB DN,12:46,56,0,No StepBack
232,,,,,,,,327,YB DN,12:46,YB UP,14:19,93,50,319
232,,,,,,,,305,YB UP,15:09,DW UP,16:05,56,0,No StepBack
232,,,,,,,,305,DW UP,16:05,DW DN,16:57,52,0,334
,,,,,,,,,,,,,
437,09:44,YB DN,YB DN,17:02,04:56,07:18,Yes,307,YB DN,09:59,YB UP,11:31,92,42,331
437,,,,,,,,325,YB DN,12:13,YB UP,13:45,92,0,311
437,,,,,,,,311,YB UP,13:45,DW UP,14:41,56,75,No StepBack
437,,,,,,,,313,DW DN,15:56,YB DN,16:52,56,0,No StepBack
,,,,,,,,,,,,,
233,09:49,DW DN,DW DN,17:35,05:24,07:46,Yes,303,DW DN,10:04,YB DN,11:00,56,0,No StepBack
233,,,,,,,,303,YB DN,11:00,YB UP,11:48,48,50,308
233,,,,,,,,328,YB UP,12:38,DW UP,13:34,56,30,No StepBack
233,,,,,,,,304,DW DN,14:04,YB DN,15:00,56,37,No StepBack
233,,,,,,,,329,YB UP,15:37,DW UP,16:33,56,0,No StepBack
233,,,,,,,,329,DW UP,16:33,DW DN,17:25,52,0,320
,,,,,,,,,,,,,
438,09:50,YB DN,YB UP,17:22,05:08,07:32,Yes,333,YB DN,10:05,YB UP,10:52,47,53,316
438,,,,,,,,304,YB DN,11:45,YB UP,12:33,48,0,320
438,,,,,,,,320,YB UP,12:33,DW UP,13:29,56,33,No StepBack
438,,,,,,,,322,DW UP,14:02,DW DN,14:55,53,33,321
438,,,,,,,,311,DW DN,15:28,YB DN,16:24,56,0,No StepBack
438,,,,,,,,311,YB DN,16:24,YB UP,17:12,48,0,333
,,,,,,,,,,,,,
234,09:55,DW DN,DW UP,17:44,05:24,07:49,Yes,313,DW DN,10:10,YB DN,11:06,56,50,No StepBack
234,,,,,,,,320,YB DN,11:56,YB UP,12:44,48,0,309
234,,,,,,,,309,YB UP,12:44,DW UP,13:40,56,39,No StepBack
234,,,,,,,,324,DW UP,14:19,DW DN,15:11,52,0,318
234,,,,,,,,318,DW DN,15:11,YB DN,16:07,56,31,No StepBack
234,,,,,,,,327,YB UP,16:38,DW UP,17:34,56,0,No StepBack
,,,,,,,,,,,,,
439,09:58,YB UP,YB DN,17:41,05:23,07:43,Yes,309,YB UP,10:13,DW UP,11:09,56,30,No StepBack
439,,,,,,,,315,DW DN,11:39,YB DN,12:35,56,51,No StepBack
439,,,,,,,,316,YB DN,13:26,YB UP,14:13,47,0,326
439,,,,,,,,326,YB UP,14:13,DW UP,15:09,56,34,No StepBack
439,,,,,,,,331,DW UP,15:43,DW DN,16:35,52,0,303
439,,,,,,,,303,DW DN,16:35,YB DN,17:31,56,0,No StepBack
,,,,,,,,,,,,,
235,09:58,DW UP,DW DN,17:02,05:10,07:04,Yes,320,DW UP,10:13,DW DN,11:06,53,0,324
235,,,,,,,,324,DW DN,11:06,YB DN,12:02,56,33,No StepBack
235,,,,,,,,315,YB DN,12:35,YB UP,14:08,93,0,327
235,,,,,,,,327,YB UP,14:08,DW UP,15:04,56,56,No StepBack
235,,,,,,,,306,DW UP,16:00,DW DN,16:52,52,0,305
,,,,,,,,,,,,,
440,10:12,YB DN,YB UP,17:55,05:19,07:43,Yes,319,YB DN,10:27,YB UP,11:15,48,0,330
440,,,,,,,,330,YB UP,11:15,DW UP,12:11,56,30,No StepBack
440,,,,,,,,326,DW DN,12:41,YB DN,13:37,56,59,No StepBack
440,,,,,,,,332,YB UP,14:36,DW UP,15:32,56,30,No StepBack
440,,,,,,,,319,DW DN,16:02,YB DN,16:58,56,0,No StepBack
440,,,,,,,,319,YB DN,16:58,YB UP,17:45,47,0,330
,,,,,,,,,,,,,
441,10:26,YB UP,YB DN,18:20,05:30,07:54,Yes,333,YB UP,10:41,DW UP,11:37,56,50,No StepBack
441,,,,,,,,331,DW UP,12:27,DW DN,13:20,53,0,329
441,,,,,,,,329,DW DN,13:20,YB DN,14:16,56,36,No StepBack
441,,,,,,,,303,YB UP,14:52,DW UP,15:48,56,0,No StepBack
441,,,,,,,,303,DW UP,15:48,DW DN,16:41,53,33,306
441,,,,,,,,329,DW DN,17:14,YB DN,18:10,56,0,No StepBack
,,,,,,,,,,,,,
442,10:32,YB UP,YB UP,16:09,03:24,05:37,Yes,323,YB UP,10:47,DW UP,11:43,56,41,No StepBack
442,,,,,,,,333,DW DN,12:24,YB DN,13:20,56,67,No StepBack
442,,,,,,,,308,YB DN,14:27,YB UP,15:59,92,0,309
,,,,,,,,,,,,,
236,10:40,DW DN,DW UP,18:29,05:24,07:49,Yes,321,DW DN,10:55,YB DN,11:51,56,31,No StepBack
236,,,,,,,,304,YB UP,12:22,DW UP,13:18,56,0,No StepBack
236,,,,,,,,304,DW UP,13:18,DW DN,14:10,52,56,320
236,,,,,,,,327,DW DN,15:06,YB DN,16:02,56,33,No StepBack
236,,,,,,,,333,YB DN,16:35,YB UP,17:23,48,0,326
236,,,,,,,,326,YB UP,17:23,DW UP,18:19,56,0,No StepBack
,,,,,,,,,,,,,
443,10:43,YB UP,YB DN,17:36,04:37,06:53,Yes,326,YB UP,10:58,DW UP,11:54,56,0,No StepBack
443,,,,,,,,326,DW UP,11:54,DW DN,12:46,52,50,306
443,,,,,,,,305,DW DN,13:36,YB DN,14:33,57,31,No StepBack
443,,,,,,,,306,YB UP,15:04,DW UP,16:00,56,30,No StepBack
443,,,,,,,,335,DW DN,16:30,YB DN,17:26,56,0,No StepBack
,,,,,,,,,,,,,
237,10:43,DW UP,DW UP,18:36,05:51,07:53,Yes,315,DW UP,10:58,DW DN,11:50,52,45,327
237,,,,,,,,303,DW DN,12:35,YB DN,13:31,56,0,No StepBack
237,,,,,,,,303,YB DN,13:31,YB UP,15:04,93,52,306
237,,,,,,,,324,YB DN,15:56,YB UP,17:30,94,0,318
237,,,,,,,,318,YB UP,17:30,DW UP,18:26,56,0,No StepBack
,,,,,,,,,,,,,
444,10:48,YB UP,YB DN,18:26,05:20,07:38,Yes,319,YB UP,11:03,DW UP,11:59,56,53,No StepBack
444,,,,,,,,312,DW DN,12:52,YB DN,13:48,56,0,No StepBack
444,,,,,,,,312,YB DN,13:48,YB UP,14:36,48,30,332
444,,,,,,,,320,YB DN,15:06,YB UP,15:54,48,0,328
444,,,,,,,,328,YB UP,15:54,DW UP,16:50,56,30,No StepBack
444,,,,,,,,304,DW DN,17:20,YB DN,18:16,56,0,No StepBack
,,,,,,,,,,,,,
238,10:56,DW DN,DW UP,18:40,05:24,07:44,Yes,309,DW DN,11:11,YB DN,12:07,56,0,No StepBack
238,,,,,,,,309,YB DN,12:07,YB UP,12:55,48,34,310
238,,,,,,,,318,YB UP,13:29,DW UP,14:25,56,0,No StepBack
238,,,,,,,,318,DW UP,14:25,DW DN,15:17,52,50,336
238,,,,,,,,302,DW DN,16:07,YB DN,17:03,56,31,No StepBack
238,,,,,,,,319,YB UP,17:34,DW UP,18:30,56,0,No StepBack
,,,,,,,,,,,,,
239,11:05,DW UP,DW UP,18:51,05:29,07:46,Yes,336,DW UP,11:20,DW DN,12:13,53,0,302
239,,,,,,,,302,DW DN,12:13,YB DN,13:09,56,31,No StepBack
239,,,,,,,,336,YB UP,13:40,DW UP,14:36,56,0,No StepBack
239,,,,,,,,336,DW UP,14:36,DW DN,15:28,52,50,311
239,,,,,,,,332,DW DN,16:18,YB DN,17:14,56,31,No StepBack
239,,,,,,,,330,YB UP,17:45,DW UP,18:41,56,0,No StepBack
,,,,,,,,,,,,,
240,11:07,DW DN,DW DN,18:59,05:30,07:52,Yes,310,DW DN,11:22,YB DN,12:19,57,31,No StepBack
240,,,,,,,,317,YB UP,12:50,DW UP,13:46,56,55,No StepBack
240,,,,,,,,311,DW UP,14:41,DW DN,15:34,53,0,315
240,,,,,,,,315,DW DN,15:34,YB DN,16:30,56,31,No StepBack
240,,,,,,,,311,YB UP,17:01,DW UP,17:57,56,0,No StepBack
240,,,,,,,,311,DW UP,17:57,DW DN,18:49,52,0,307
,,,,,,,,,,,,,
445,11:19,YB DN,YB UP,18:23,05:04,07:04,Yes,301,YB DN,11:34,YB UP,12:22,48,50,304
445,,,,,,,,321,YB UP,13:12,DW UP,14:08,56,0,No StepBack
445,,,,,,,,321,DW UP,14:08,DW DN,15:00,52,45,324
445,,,,,,,,316,DW DN,15:45,YB DN,16:41,56,0,No StepBack
445,,,,,,,,316,YB DN,16:41,YB UP,18:13,92,0,313
,,,,,,,,,,,,,
446,11:24,YB DN,YB DN,18:54,05:10,07:30,Yes,335,YB DN,11:39,YB UP,13:12,93,45,321
446,,,,,,,,315,YB UP,13:57,DW UP,14:53,56,0,No StepBack
446,,,,,,,,315,DW UP,14:53,DW DN,15:45,52,70,316
446,,,,,,,,309,DW UP,16:55,DW DN,17:48,53,0,314
446,,,,,,,,314,DW DN,17:48,YB DN,18:44,56,0,No StepBack
,,,,,,,,,,,,,
241,11:30,DW DN,DW UP,19:19,05:24,07:49,Yes,323,DW DN,11:45,YB DN,12:41,56,0,No StepBack
241,,,,,,,,323,YB DN,12:41,YB UP,13:29,48,33,318
241,,,,,,,,316,YB UP,14:02,DW UP,14:58,56,0,No StepBack
241,,,,,,,,316,DW UP,14:58,DW DN,15:50,52,56,326
241,,,,,,,,308,DW DN,16:46,YB DN,17:42,56,31,No StepBack
241,,,,,,,,313,YB UP,18:13,DW UP,19:09,56,0,No StepBack
,,,,,,,,,,,,,
447,12:01,YB UP,YB DN,19:44,05:23,07:43,Yes,314,YB UP,12:16,DW UP,13:12,56,0,No StepBack
447,,,,,,,,314,DW UP,13:12,DW DN,14:04,52,51,304
447,,,,,,,,321,DW DN,14:55,YB DN,15:51,56,0,No StepBack
447,,,,,,,,321,YB DN,15:51,YB UP,16:38,47,34,327
447,,,,,,,,333,YB UP,17:12,DW UP,18:08,56,30,No StepBack
447,,,,,,,,311,DW DN,18:38,YB DN,19:34,56,0,No StepBack
,,,,,,,,,,,,,
242,12:03,DW DN,DW UP,19:42,05:19,07:39,Yes,307,DW DN,12:18,YB DN,13:14,56,0,No StepBack
242,,,,,,,,307,YB DN,13:14,YB UP,14:02,48,31,316
242,,,,,,,,305,YB DN,14:33,YB UP,15:20,47,0,334
242,,,,,,,,334,YB UP,15:20,DW UP,16:16,56,53,No StepBack
242,,,,,,,,301,DW DN,17:09,YB DN,18:05,56,31,No StepBack
242,,,,,,,,332,YB UP,18:36,DW UP,19:32,56,0,No StepBack
,,,,,,,,,,,,,
448,12:15,YB DN,YB UP,20:15,05:44,08:00,Yes,322,YB DN,12:30,YB UP,13:17,47,0,323
448,,,,,,,,323,YB UP,13:17,DW UP,14:13,56,36,No StepBack
448,,,,,,,,307,DW DN,14:49,YB DN,15:45,56,0,No StepBack
448,,,,,,,,307,YB DN,15:45,YB UP,17:18,93,75,324
448,,,,,,,,327,YB DN,18:33,YB UP,20:05,92,0,314
,,,,,,,,,,,,,
243,12:24,DW UP,DW UP,20:10,05:24,07:46,Yes,329,DW UP,12:39,DW DN,13:31,52,0,308
243,,,,,,,,308,DW DN,13:31,YB DN,14:27,56,50,No StepBack
243,,,,,,,,328,YB DN,15:17,YB UP,16:05,48,0,325
243,,,,,,,,325,YB UP,16:05,DW UP,17:01,56,36,No StepBack
243,,,,,,,,327,DW DN,17:37,YB DN,18:33,56,31,No StepBack
243,,,,,,,,328,YB UP,19:04,DW UP,20:00,56,0,No StepBack
,,,,,,,,,,,,,
244,12:31,DW DN,DW DN,20:23,05:50,07:52,Yes,306,DW DN,12:46,YB DN,13:42,56,0,No StepBack
244,,,,,,,,306,YB DN,13:42,YB UP,15:15,93,52,330
244,,,,,,,,318,YB DN,16:07,YB UP,17:40,93,0,312
244,,,,,,,,312,YB UP,17:40,DW UP,18:36,56,45,No StepBack
244,,,,,,,,302,DW UP,19:21,DW DN,20:13,52,0,334
,,,,,,,,,,,,,
245,13:10,DW DN,DW UP,19:58,04:32,06:48,Yes,313,DW DN,13:25,YB DN,14:21,56,0,No StepBack
245,,,,,,,,313,YB DN,14:21,YB UP,15:09,48,50,305
245,,,,,,,,309,YB UP,15:59,DW UP,16:55,56,30,No StepBack
245,,,,,,,,320,DW DN,17:25,YB DN,18:21,56,31,No StepBack
245,,,,,,,,304,YB UP,18:52,DW UP,19:48,56,0,No StepBack
,,,,,,,,,,,,,
449,13:38,YB DN,YBD,21:15,05:27,07:37,Yes,330,YB DN,13:53,YB UP,15:26,93,45,301
449,,,,,,,,314,YB UP,16:11,DW UP,17:07,56,0,No StepBack
449,,,,,,,,314,DW UP,17:07,DW DN,17:59,52,50,322
449,,,,,,,,307,DW DN,18:49,YB DN,19:45,56,0,No StepBack
449,,,,,,,,307,YB DN,19:45,LN,20:30,45,0,316
449,,,,,,,,316,LN,20:30,YBD,20:55,25,0,No StepBack
,,,,,,,,,,,,,
246,13:44,DW DN,DW UP,21:33,05:24,07:49,Yes,335,DW DN,13:59,YB DN,14:55,56,0,No StepBack
246,,,,,,,,335,YB DN,14:55,YB UP,15:43,48,33,320
246,,,,,,,,322,YB UP,16:16,DW UP,17:12,56,0,No StepBack
246,,,,,,,,322,DW UP,17:12,DW DN,18:04,52,56,321
246,,,,,,,,316,DW DN,19:00,YB DN,19:56,56,31,No StepBack
246,,,,,,,,333,YB UP,20:27,DW UP,21:23,56,0,No StepBack
,,,,,,,,,,,,,
450,13:55,YB DN,YBD,21:49,05:22,07:54,Yes,331,YB DN,14:10,YB UP,14:58,48,0,313
450,,,,,,,,313,YB UP,14:58,DW UP,15:54,56,58,No StepBack
450,,,,,,,,305,DW DN,16:52,YB DN,17:48,56,0,No StepBack
450,,,,,,,,305,YB DN,17:48,YB UP,19:20,92,59,325
450,,,,,,,,312,YB DN,20:19,LN,21:04,45,0,332
450,,,,,,,,332,LN,21:04,YBD,21:29,25,0,No StepBack
,,,,,,,,,,,,,
451,14:01,YB DN,YB UP,21:52,05:45,07:51,Yes,329,YB DN,14:16,YB UP,15:48,92,62,308
451,,,,,,,,336,YB UP,16:50,DW UP,17:46,56,0,No StepBack
451,,,,,,,,336,DW UP,17:46,DW DN,18:38,52,39,311
451,,,,,,,,308,DW DN,19:17,YB DN,20:13,56,0,No StepBack
451,,,,,,,,308,YB DN,20:13,YB UP,21:42,89,0,315
,,,,,,,,,,,,,
452,14:04,YB UP,VASI,22:04,05:41,08:00,Yes,319,YB UP,14:19,DW UP,15:15,56,0,No StepBack
452,,,,,,,,319,DW UP,15:15,DW DN,16:07,52,34,302
452,,,,,,,,306,DW DN,16:41,YB DN,17:37,56,50,No StepBack
452,,,,,,,,328,YB DN,18:27,YB UP,19:15,48,0,309
452,,,,,,,,309,YB UP,19:15,DW UP,20:11,56,30,No StepBack
452,,,,,,,,320,DW DN,20:41,YB DN,21:37,56,0,No StepBack
452,,,,,,,,320,YB DN,21:37,VASI,21:54,17,0,No StepBack
,,,,,,,,,,,,,
247,14:12,DW DN,NFD,22:03,05:22,07:51,Yes,317,DW DN,14:27,YB DN,15:23,56,0,No StepBack
247,,,,,,,,317,YB DN,15:23,YB UP,16:55,92,75,310
247,,,,,,,,329,YB DN,18:10,YB UP,19:43,93,0,320
247,,,,,,,,320,YB UP,19:43,DW UP,20:39,56,39,No StepBack
247,,,,,,,,307,DW UP,21:18,NFD,21:43,25,0,No StepBack
,,,,,,,,,,,,,
248,14:23,DW DN,JPW SDG,22:19,05:29,07:56,Yes,310,DW DN,14:38,YB DN,15:34,56,0,No StepBack
248,,,,,,,,310,YB DN,15:34,YB UP,17:06,92,51,307
248,,,,,,,,331,YB UP,17:57,DW UP,18:53,56,30,No StepBack
248,,,,,,,,312,DW DN,19:23,YB DN,20:19,56,31,No StepBack
248,,,,,,,,319,YB UP,20:50,JPW,21:34,44,0,No StepBack
248,,,,,,,,319,JPW,21:34,JPW SDG,21:59,25,0,No StepBack
,,,,,,,,,,,,,
249,14:28,DW DN,DSTO,22:26,05:39,07:58,Yes,322,DW DN,14:43,YB DN,15:40,57,0,No StepBack
249,,,,,,,,322,YB DN,15:40,YB UP,16:27,47,53,321
249,,,,,,,,331,YB DN,17:20,YB UP,18:08,48,0,303
249,,,,,,,,303,YB UP,18:08,DW UP,19:04,56,30,No StepBack
249,,,,,,,,332,DW DN,19:34,YB DN,20:30,56,31,No StepBack
249,,,,,,,,330,YB UP,21:01,DW UP,21:57,56,0,No StepBack
249,,,,,,,,330,DW UP,21:57,DSTO,22:16,19,0,No StepBack
,,,,,,,,,,,,,
453,14:34,YB DN,YB UP,22:33,05:54,07:59,Yes,314,YB DN,14:49,YB UP,16:22,93,0,304
453,,,,,,,,304,YB UP,16:22,DW UP,17:18,56,61,No StepBack
453,,,,,,,,326,DW UP,18:19,DW DN,19:11,52,0,318
453,,,,,,,,318,DW DN,19:11,YB DN,20:08,57,39,No StepBack
453,,,,,,,,304,YB DN,20:47,YB UP,22:23,96,0,302
,,,,,,,,,,,,,
250,14:45,DW DN,KNR SDG,22:41,05:21,07:56,Yes,324,DW DN,15:00,YB DN,15:56,56,31,No StepBack
250,,,,,,,,321,YB UP,16:27,DW UP,17:23,56,0,No StepBack
250,,,,,,,,321,DW UP,17:23,DW DN,18:16,53,50,323
250,,,,,,,,326,DW DN,19:06,YB DN,20:02,56,39,No StepBack
250,,,,,,,,303,YB DN,20:41,YB UP,21:29,48,0,313
250,,,,,,,,313,YB UP,21:29,KNR,21:56,27,0,No StepBack
250,,,,,,,,313,KNR,21:56,KNR SDG,22:21,25,0,No StepBack
,,,,,,,,,,,,,
454,14:45,YB DN,YBD,22:39,05:21,07:54,Yes,304,YB DN,15:00,YB UP,16:33,93,0,323
454,,,,,,,,323,YB UP,16:33,DW UP,17:29,56,58,No StepBack
454,,,,,,,,336,DW DN,18:27,YB DN,19:23,56,60,No StepBack
454,,,,,,,,315,YB DN,20:23,BCGN,21:37,74,0,331
454,,,,,,,,331,BCGN,21:37,YBD,22:19,42,0,No StepBack
,,,,,,,,,,,,,
251,15:08,DW DN,DW DN,22:43,05:47,07:35,Yes,312,DW DN,15:23,YB DN,16:19,56,0,No StepBack
251,,,,,,,,312,YB DN,16:19,YB UP,17:51,92,53,315
251,,,,,,,,314,YB DN,18:44,YB UP,20:16,92,0,322
251,,,,,,,,322,YB UP,20:16,DW UP,21:12,56,30,No StepBack
251,,,,,,,,318,DW UP,21:42,DW DN,22:33,51,0,312
,,,,,,,,,,,,,
455,15:11,YB UP,YB DN,23:04,05:28,07:53,Yes,301,YB UP,15:26,DW UP,16:22,56,0,No StepBack
455,,,,,,,,301,DW UP,16:22,DW DN,17:14,52,50,329
455,,,,,,,,321,DW DN,18:04,YB DN,19:01,57,31,No StepBack
455,,,,,,,,329,YB UP,19:32,DW UP,20:28,56,39,No StepBack
455,,,,,,,,311,DW UP,21:07,DW DN,21:58,51,0,322
455,,,,,,,,322,DW DN,21:58,YB DN,22:54,56,0,No StepBack
,,,,,,,,,,,,,
252,15:17,DW UP,DW DN,22:52,05:10,07:35,Yes,332,DW UP,15:32,DW DN,16:24,52,0,331
252,,,,,,,,331,DW DN,16:24,YB DN,17:20,56,34,No StepBack
252,,,,,,,,334,YB DN,17:54,YB UP,18:41,47,53,301
252,,,,,,,,311,YB DN,19:34,YB UP,20:22,48,0,307
252,,,,,,,,307,YB UP,20:22,DW UP,21:18,56,33,No StepBack
252,,,,,,,,312,DW UP,21:51,DW DN,22:42,51,0,330
,,,,,,,,,,,,,
253,15:24,DW DN,NFD,23:24,05:27,08:00,Yes,333,DW DN,15:39,YB DN,16:35,56,31,No StepBack
253,,,,,,,,307,YB UP,17:06,DW UP,18:02,56,0,No StepBack
253,,,,,,,,307,DW UP,18:02,DW DN,18:55,53,56,324
253,,,,,,,,304,DW DN,19:51,YB DN,20:47,56,31,No StepBack
253,,,,,,,,303,YB UP,21:18,DW UP,22:14,56,0,No StepBack
253,,,,,,,,303,DW UP,22:14,DSTO,22:39,25,0,No StepBack
253,,,,,,,,303,DSTO,22:39,NFD,23:04,25,0,No StepBack
,,,,,,,,,,,,,
456,15:28,YB UP,YBD,23:20,05:18,07:52,Yes,320,YB UP,15:43,DW UP,16:39,56,0,No StepBack
456,,,,,,,,320,DW UP,16:39,DW DN,17:31,52,61,328
456,,,,,,,,319,DW DN,18:32,YB DN,19:28,56,0,No StepBack
456,,,,,,,,319,YB DN,19:28,YB UP,21:01,93,58,330
456,,,,,,,,325,YB DN,21:59,VASI,22:16,17,6,No StepBack
456,,,,,,,,325,VASI,22:22,LN,22:35,13,0,No StepBack
456,,,,,,,,325,LN,22:35,YBD,23:00,25,0,No StepBack
,,,,,,,,,,,,,
457,15:47,YB DN,NESY,23:17,05:16,07:30,Yes,327,YB DN,16:02,YB UP,16:50,48,47,336
457,,,,,,,,306,YB DN,17:37,YB UP,19:09,92,0,305
457,,,,,,,,305,YB UP,19:09,DW UP,20:05,56,52,No StepBack
457,,,,,,,,327,DW DN,20:57,YB DN,21:53,56,0,No StepBack
457,,,,,,,,327,YB DN,21:53,NECC,22:32,39,0,No StepBack
457,,,,,,,,327,NECC,22:32,NESY,22:57,25,0,No StepBack
,,,,,,,,,,,,,
458,16:15,YB DN,YB UP,23:28,05:00,07:13,Yes,315,YB DN,16:30,YB UP,18:02,92,0,316
458,,,,,,,,316,YB UP,18:02,DW UP,18:58,56,75,No StepBack
458,,,,,,,,334,DW DN,20:13,YB DN,21:09,56,33,No StepBack
458,,,,,,,,328,YB DN,21:42,NECC,22:22,40,18,No StepBack
458,,,,,,,,328,NECC,22:40,YB UP,23:18,38,0,No StepBack
,,,,,,,,,,,,,
459,16:29,YB UP,NESY,23:47,04:48,07:18,Yes,317,YB UP,16:44,DW UP,17:40,56,30,No StepBack
459,,,,,,,,333,DW DN,18:10,YB DN,19:06,56,50,No StepBack
459,,,,,,,,327,YB UP,19:56,DW UP,20:52,56,35,No StepBack
459,,,,,,,,323,DW DN,21:27,YB DN,22:23,56,0,No StepBack
459,,,,,,,,323,YB DN,22:23,NECC,23:02,39,0,No StepBack
459,,,,,,,,323,NECC,23:02,NESY,23:27,25,0,No StepBack
,,,,,,,,,,,,,
460,16:32,YB DN,YB UP,23:48,05:04,07:16,Yes,326,YB DN,16:47,YB UP,17:34,47,73,319
460,,,,,,,,335,YB UP,18:47,DW UP,19:43,56,0,No StepBack
460,,,,,,,,335,DW UP,19:43,DW DN,20:35,52,34,306
460,,,,,,,,329,DW DN,21:09,YB DN,22:05,56,0,No StepBack
460,,,,,,,,329,YB DN,22:05,NECC,22:44,39,16,No StepBack
460,,,,,,,,329,NECC,23:00,YB UP,23:38,38,0,No StepBack
,,,,,,,,,,,,,
254,16:35,DW UP,DW DN,23:43,05:02,07:08,Yes,328,DW UP,16:50,DW DN,17:42,52,0,309
254,,,,,,,,309,DW DN,17:42,YB DN,18:38,56,34,No StepBack
254,,,,,,,,323,YB DN,19:12,YB UP,19:58,46,0,336
254,,,,,,,,336,YB UP,19:58,DW UP,20:54,56,0,No StepBack
254,,,,,,,,336,DW UP,20:54,DW DN,21:40,46,67,314
254,,,,,,,,301,DW UP,22:47,DSTO,23:06,19,9,No StepBack
254,,,,,,,,301,DSTO,23:15,DW DN,23:33,18,0,No StepBack
,,,,,,,,,,,,,
461,16:37,YB DN,NESY,24:00,05:22,07:23,Yes,313,YB DN,16:52,YB UP,18:25,93,55,302
461,,,,,,,,325,YB UP,19:20,DW UP,20:16,56,0,No StepBack
461,,,,,,,,325,DW UP,20:16,DW DN,21:09,53,31,329
461,,,,,,,,314,DW DN,21:40,YB DN,22:36,56,0,No StepBack
461,,,,,,,,314,YB DN,22:36,NECC,23:15,39,0,No StepBack
461,,,,,,,,314,NECC,23:15,NESY,23:40,25,0,No StepBack
,,,,,,,,,,,,,
462,16:40,YB UP,YB UP,24:07,05:06,07:27,Yes,310,YB UP,16:55,DW UP,17:51,56,30,No StepBack
462,,,,,,,,317,DW DN,18:21,YB DN,19:17,56,51,No StepBack
462,,,,,,,,318,YB DN,20:08,YB UP,20:55,47,0,312
462,,,,,,,,312,YB UP,20:55,DW UP,21:51,56,35,No StepBack
462,,,,,,,,318,DW DN,22:26,YB DN,23:22,56,0,No StepBack
462,,,,,,,,318,YB DN,23:22,VASI,23:39,17,3,No StepBack
462,,,,,,,,318,VASI,23:42,YB UP,23:57,15,0,No StepBack
,,,,,,,,,,,,,
255,16:42,DW DN,NFD,24:11,05:02,07:29,Yes,334,DW DN,16:57,YB DN,17:54,57,31,No StepBack
255,,,,,,,,302,YB UP,18:25,DW UP,19:21,56,50,No StepBack
255,,,,,,,,309,DW UP,20:11,DW DN,21:03,52,0,325
255,,,,,,,,325,DW DN,21:03,YB DN,21:59,56,31,No StepBack
255,,,,,,,,334,YB UP,22:30,DW UP,23:26,56,0,No StepBack
255,,,,,,,,334,DW UP,23:26,NFD,23:51,25,0,No StepBack
,,,,,,,,,,,,,
463,16:48,YB DN,YB DN,23:56,04:55,07:08,Yes,302,YB DN,17:03,YB UP,18:36,93,47,332
463,,,,,,,,336,YB DN,19:23,YB UP,20:11,48,0,311
463,,,,,,,,311,YB UP,20:11,DW UP,21:07,56,61,No StepBack
463,,,,,,,,324,DW UP,22:08,DSTO,22:27,19,5,No StepBack
463,,,,,,,,324,DSTO,22:32,DW DN,22:50,18,0,No StepBack
463,,,,,,,,324,DW DN,22:50,YB DN,23:46,56,0,No StepBack
,,,,,,,,,,,,,
256,16:48,DW DN,NFD,23:43,04:41,06:55,Yes,325,DW DN,17:03,YB DN,17:59,56,0,No StepBack
256,,,,,,,,325,YB DN,17:59,YB UP,19:32,93,67,329
256,,,,,,,,317,YB UP,20:39,DW UP,21:35,56,0,No StepBack
256,,,,,,,,317,DW UP,21:35,DW DN,22:26,51,32,318
256,,,,,,,,335,DW UP,22:58,NFD,23:23,25,0,No StepBack
,,,,,,,,,,,,,
464,16:54,YB DN,NECC,22:09,03:19,05:15,Yes,330,YB DN,17:09,YB UP,17:57,48,33,331
464,,,,,,,,334,YB UP,18:30,DW UP,19:26,56,58,No StepBack
464,,,,,,,,310,DW DN,20:24,YB DN,21:20,56,0,No StepBack
464,,,,,,,,310,YB DN,21:20,NECC,21:59,39,0,No StepBack
,,,,,,,,,,,,,
465,16:59,YB DN,YBD,24:24,05:19,07:25,Yes,332,YB DN,17:14,YB UP,18:47,93,50,335
465,,,,,,,,321,YB UP,19:37,DW UP,20:33,56,0,No StepBack
465,,,,,,,,321,DW UP,20:33,DW DN,21:27,54,41,323
465,,,,,,,,333,DW DN,22:08,YB DN,23:04,56,0,No StepBack
465,,,,,,,,333,YB DN,23:04,VASI,23:21,17,3,No StepBack
465,,,,,,,,333,VASI,23:24,LN,23:39,15,0,No StepBack
465,,,,,,,,333,LN,23:39,YBD,24:04,25,0,No StepBack
,,,,,,,,,,,,,
466,17:03,YB UP,YB UP,22:50,03:23,05:47,Yes,324,YB UP,17:18,DW UP,18:14,56,73,No StepBack
466,,,,,,,,315,DW DN,19:27,YB DN,20:23,56,46,No StepBack
466,,,,,,,,334,YB DN,21:09,YB UP,22:40,91,0,310
,,,,,,,,,,,,,
467,17:11,YB DN,NESY,24:38,05:18,07:27,Yes,335,YB DN,17:26,YB UP,18:58,92,0,306
467,,,,,,,,306,YB UP,18:58,DW UP,19:54,56,50,No StepBack
467,,,,,,,,323,DW UP,20:44,DW DN,21:34,50,0,336
467,,,,,,,,336,DW DN,21:34,YB DN,22:30,56,44,No StepBack
467,,,,,,,,317,YB DN,23:14,NECC,23:53,39,0,No StepBack
467,,,,,,,,317,NECC,23:53,NESY,24:18,25,0,No StepBack
,,,,,,,,,,,,,
257,17:14,DW UP,NFD,24:37,05:21,07:23,Yes,323,DW UP,17:29,DW DN,18:21,52,34,317
257,,,,,,,,324,DW DN,18:55,YB DN,19:51,56,0,No StepBack
257,,,,,,,,324,YB DN,19:51,YB UP,21:21,90,53,326
257,,,,,,,,321,YB DN,22:14,VASI,22:31,17,9,No StepBack
257,,,,,,,,321,VASI,22:40,YB UP,22:56,16,0,No StepBack
257,,,,,,,,321,YB UP,22:56,DW UP,23:52,56,0,No StepBack
257,,,,,,,,321,DW UP,23:52,NFD,24:17,25,0,No StepBack
,,,,,,,,,,,,,
258,17:16,DW DN,NFD,24:18,04:31,07:02,Yes,328,DW DN,17:31,YB DN,18:27,56,50,No StepBack
258,,,,,,,,317,YB DN,19:17,YB UP,20:50,93,31,319
258,,,,,,,,326,YB UP,21:21,DW UP,22:17,56,0,No StepBack
258,,,,,,,,326,DW UP,22:17,DSTO,22:36,19,4,No StepBack
258,,,,,,,,326,DSTO,22:40,DW DN,22:58,18,35,No StepBack
258,,,,,,,,301,DW UP,23:33,NFD,23:58,25,0,No StepBack
,,,,,,,,,,,,,
468,17:16,YB DN,YBD,24:38,04:49,07:22,Yes,303,YB DN,17:31,YB UP,18:19,48,0,308
468,,,,,,,,308,YB UP,18:19,DW UP,19:15,56,52,No StepBack
468,,,,,,,,305,DW DN,20:07,YB DN,21:03,56,0,No StepBack
468,,,,,,,,305,YB DN,21:03,YB UP,21:51,48,32,301
468,,,,,,,,302,YB UP,22:23,DW UP,23:19,56,34,No StepBack
468,,,,,,,,320,DW UP,23:53,YBD,24:18,25,0,No StepBack
,,,,,,,,,,,,,
259,17:25,DW UP,DSTO DN,24:36,05:05,07:11,Yes,317,DW UP,17:40,DW DN,18:27,47,59,336
259,,,,,,,,334,DW UP,19:26,DW DN,20:18,52,0,301
259,,,,,,,,301,DW DN,20:18,YB DN,21:15,57,32,No StepBack
259,,,,,,,,309,YB DN,21:47,VASI,22:04,17,16,No StepBack
259,,,,,,,,309,VASI,22:20,YB UP,22:36,16,0,No StepBack
259,,,,,,,,309,YB UP,22:36,DW UP,23:32,56,0,No StepBack
259,,,,,,,,309,DW UP,23:32,DSTO,23:51,19,0,No StepBack
259,,,,,,,,309,DSTO,23:51,DSTO DN,24:16,25,0,No StepBack
,,,,,,,,,,,,,
469,17:27,YB DN,YBD,24:05,04:27,06:38,Yes,308,YB DN,17:42,YB UP,18:30,48,31,334
469,,,,,,,,321,YB DN,19:01,YB UP,19:48,47,0,323
469,,,,,,,,323,YB UP,19:48,DW UP,20:44,56,65,No StepBack
469,,,,,,,,311,DW DN,21:49,YB DN,22:45,56,0,No StepBack
469,,,,,,,,311,YB DN,22:45,VASI,23:02,17,3,No StepBack
469,,,,,,,,311,VASI,23:05,LN,23:20,15,0,No StepBack
469,,,,,,,,311,LN,23:20,YBD,23:45,25,0,No StepBack
,,,,,,,,,,,,,
470,17:36,YB UP,YBD,24:58,05:18,07:22,Yes,315,YB UP,17:51,DW UP,18:47,56,0,No StepBack
470,,,,,,,,315,DW UP,18:47,DW DN,19:39,52,51,331
470,,,,,,,,335,DW DN,20:30,YB DN,21:26,56,0,No StepBack
470,,,,,,,,335,YB DN,21:26,YB UP,22:16,50,38,320
470,,,,,,,,322,YB DN,22:54,NECC,23:33,39,5,No StepBack
470,,,,,,,,322,NECC,23:38,YBD,24:38,60,0,No StepBack
,,,,,,,,,,,,,
260,17:38,DW DN,DW DN,24:18,04:17,06:40,Yes,310,DW DN,17:53,YB DN,18:49,56,0,No StepBack
260,,,,,,,,310,YB DN,18:49,YB UP,19:37,48,53,321
260,,,,,,,,332,YB DN,20:30,YB UP,21:18,48,33,303
260,,,,,,,,301,YB UP,21:51,DW UP,22:47,56,32,No StepBack
260,,,,,,,,302,DW UP,23:19,DSTO,23:38,19,12,No StepBack
260,,,,,,,,302,DSTO,23:50,DW DN,24:08,18,0,No StepBack
,,,,,,,,,,,,,
261,17:44,DW DN,NFD,24:33,04:29,06:49,Yes,322,DW DN,17:59,YB DN,18:55,56,0,No StepBack
261,,,,,,,,322,YB DN,18:55,YB UP,20:27,92,65,333
261,,,,,,,,308,YB UP,21:32,DW UP,22:28,56,0,No StepBack
261,,,,,,,,308,DW UP,22:28,DSTO,22:47,19,3,No StepBack
261,,,,,,,,308,DSTO,22:50,DW DN,23:08,18,40,No StepBack
261,,,,,,,,304,DW UP,23:48,NFD,24:13,25,0,No StepBack
,,,,,,,,,,,,,
471,17:50,YB DN,YB SDG,24:57,04:34,07:07,Yes,301,YB DN,18:05,YB UP,18:52,47,34,304
471,,,,,,,,310,YB UP,19:26,DW UP,20:22,56,50,No StepBack
471,,,,,,,,322,DW UP,21:12,DW DN,22:08,56,34,333
471,,,,,,,,330,DW DN,22:42,YB DN,23:38,56,0,No StepBack
471,,,,,,,,330,YB DN,23:38,VASI,23:55,17,2,No StepBack
471,,,,,,,,330,VASI,23:57,LN,24:12,15,0,No StepBack
471,,,,,,,,330,LN,24:12,YB SDG,24:37,25,0,No StepBack
,,,,,,,,,,,,,
262,17:59,DW UP,DW DN,25:03,05:02,07:04,Yes,324,DW UP,18:14,DW DN,19:06,52,54,326
262,,,,,,,,328,DW UP,20:00,DW DN,20:51,51,0,309
262,,,,,,,,309,DW DN,20:51,YB DN,21:47,56,43,No StepBack
262,,,,,,,,336,YB DN,22:30,VASI,22:47,17,13,No StepBack
262,,,,,,,,336,VASI,23:00,YB UP,23:16,16,0,No StepBack
262,,,,,,,,336,YB UP,23:16,DW UP,24:12,56,0,No StepBack
262,,,,,,,,336,DW UP,24:12,DSTO,24:31,19,4,No StepBack
262,,,,,,,,336,DSTO,24:35,DW DN,24:53,18,0,No StepBack
,,,,,,,,,,,,,
472,18:01,YB DN,VASI DN,25:16,04:52,07:15,Yes,304,YB DN,18:16,YB UP,19:04,48,61,328
472,,,,,,,,314,YB UP,20:05,DW UP,21:01,56,0,No StepBack
472,,,,,,,,314,DW UP,21:01,DW DN,21:49,48,47,311
472,,,,,,,,305,DW UP,22:36,DSTO,22:55,19,5,No StepBack
472,,,,,,,,305,DSTO,23:00,DW DN,23:18,18,0,No StepBack
472,,,,,,,,305,DW DN,23:18,YB DN,24:14,56,0,No StepBack
472,,,,,,,,305,YB DN,24:14,VASI,24:31,17,0,No StepBack
472,,,,,,,,305,VASI,24:31,VASI DN,24:56,25,0,No StepBack
,,,,,,,,,,,,,
263,18:01,DW DN,DW 3RD,25:03,04:31,07:02,Yes,323,DW DN,18:16,YB DN,19:12,56,50,No StepBack
263,,,,,,,,326,YB DN,20:02,YB UP,21:32,90,36,308
263,,,,,,,,304,YB UP,22:08,DW UP,23:04,56,0,No StepBack
263,,,,,,,,304,DW UP,23:04,DSTO,23:23,19,7,No StepBack
263,,,,,,,,304,DSTO,23:30,DW DN,23:48,18,30,No StepBack
263,,,,,,,,310,DW UP,24:18,DW 3RD,24:43,25,0,No StepBack
,,,,,,,,,,,,,
473,18:06,YB DN,NECC DN,25:28,05:19,07:22,Yes,320,YB DN,18:21,YB UP,19:56,95,56,327
473,,,,,,,,313,YB DN,20:52,YB UP,21:40,48,0,305
473,,,,,,,,305,YB UP,21:40,DW UP,22:36,56,32,No StepBack
473,,,,,,,,308,DW DN,23:08,YB DN,24:04,56,0,No StepBack
473,,,,,,,,308,YB DN,24:04,NECC,24:43,39,0,No StepBack
473,,,,,,,,308,NECC,24:43,NECC DN,25:08,25,0,No StepBack
,,,,,,,,,,,,,
264,18:11,DW UP,NFD,23:48,03:39,05:37,Yes,318,DW UP,18:26,DW DN,19:23,57,33,312
264,,,,,,,,313,DW DN,19:56,YB DN,20:52,56,50,No StepBack
264,,,,,,,,315,YB UP,21:42,DW UP,22:38,56,0,No StepBack
264,,,,,,,,315,DW UP,22:38,DSTO,23:03,25,0,No StepBack
264,,,,,,,,315,DSTO,23:03,NFD,23:28,25,0,No StepBack
,,,,,,,,,,,,,
265,18:21,DW UP,DW DN,25:25,04:56,07:04,Yes,312,DW UP,18:36,DW DN,19:27,51,35,315
265,,,,,,,,302,DW DN,20:02,YB DN,20:58,56,0,No StepBack
265,,,,,,,,302,YB DN,20:58,YB UP,22:30,92,68,334
265,,,,,,,,329,YB UP,23:38,DW UP,24:34,56,0,No StepBack
265,,,,,,,,329,DW UP,24:34,DSTO,24:53,19,4,No StepBack
265,,,,,,,,329,DSTO,24:57,DW DN,25:15,18,0,No StepBack
,,,,,,,,,,,,,
474,18:23,YB DN,NESY,24:53,04:34,06:30,Yes,309,YB DN,18:38,YB UP,19:26,48,30,310
474,,,,,,,,316,YB DN,19:56,YB UP,20:45,49,0,318
474,,,,,,,,318,YB UP,20:45,DW UP,21:42,57,51,No StepBack
474,,,,,,,,312,DW DN,22:33,YB DN,23:29,56,0,No StepBack
474,,,,,,,,312,YB DN,23:29,NECC,24:08,39,0,No StepBack
474,,,,,,,,312,NECC,24:08,NESY,24:33,25,0,No StepBack
,,,,,,,,,,,,,
475,18:26,YB UP,NSST SDG,25:10,04:44,06:44,Yes,301,YB UP,18:41,DW UP,19:37,56,0,No StepBack
475,,,,,,,,301,DW UP,19:37,DW DN,20:30,53,53,335
475,,,,,,,,333,DW UP,21:23,DW DN,22:18,55,0,317
475,,,,,,,,317,DW DN,22:18,YB DN,23:14,56,32,No StepBack
475,,,,,,,,324,YB DN,23:46,NECC,24:25,39,0,No StepBack
475,,,,,,,,324,NECC,24:25,NSST SDG,24:50,25,0,No StepBack
,,,,,,,,,,,,,
266,18:29,DW DN,NFD,25:18,04:30,06:49,Yes,330,DW DN,18:44,YB DN,19:40,56,0,No StepBack
266,,,,,,,,330,YB DN,19:40,YB UP,21:12,92,64,324
266,,,,,,,,320,YB UP,22:16,DW UP,23:12,56,0,No StepBack
266,,,,,,,,320,DW UP,23:12,DSTO,23:31,19,4,No StepBack
266,,,,,,,,320,DSTO,23:35,DW DN,23:53,18,40,No StepBack
266,,,,,,,,306,DW UP,24:33,NFD,24:58,25,0,No StepBack
,,,,,,,,,,,,,
267,18:38,DW UP,NFD,24:53,03:56,06:15,Yes,331,DW UP,18:53,DW DN,19:45,52,0,303
267,,,,,,,,303,DW DN,19:45,YB DN,20:41,56,34,No StepBack
267,,,,,,,,301,YB DN,21:15,YB UP,22:02,47,0,335
267,,,,,,,,335,YB UP,22:02,DW UP,22:58,56,70,No StepBack
267,,,,,,,,302,DW UP,24:08,NFD,24:33,25,0,No StepBack
,,,,,,,,,,,,,
268,18:49,DW UP,NFD,24:59,03:59,06:10,Yes,303,DW UP,19:04,DW DN,19:56,52,32,313
268,,,,,,,,329,DW UP,20:28,DW DN,21:18,50,0,321
268,,,,,,,,321,DW DN,21:18,YB DN,22:14,56,64,No StepBack
268,,,,,,,,328,YB UP,23:18,DW UP,24:14,56,0,No StepBack
268,,,,,,,,328,DW UP,24:14,NFD,24:39,25,0,No StepBack
,,,,,,,,,,,,,
476,18:51,YB DN,YBD,25:13,04:24,06:22,Yes,333,YB DN,19:06,YB UP,20:39,93,33,317
476,,,,,,,,324,YB UP,21:12,DW UP,22:08,56,50,No StepBack
476,,,,,,,,326,DW DN,22:58,YB DN,23:54,56,0,No StepBack
476,,,,,,,,326,YB DN,23:54,VASI,24:11,17,2,No StepBack
476,,,,,,,,326,VASI,24:13,LN,24:28,15,0,No StepBack
476,,,,,,,,326,LN,24:28,YBD,24:53,25,0,No StepBack
,,,,,,,,,,,,,
269,18:54,DW UP,NFD,25:42,04:41,06:48,Yes,313,DW UP,19:09,DW DN,20:02,53,33,302
269,,,,,,,,306,DW DN,20:35,YB DN,21:31,56,0,No StepBack
269,,,,,,,,306,YB DN,21:31,NECC,22:10,39,10,No StepBack
269,,,,,,,,306,NECC,22:20,YB UP,22:58,38,59,No StepBack
269,,,,,,,,318,YB UP,23:57,DW UP,24:57,60,0,No StepBack
269,,,,,,,,318,DW UP,24:57,NFD,25:22,25,0,No StepBack
,,,,,,,,,,,,,
270,19:24,DW DN,NFD,26:00,04:29,06:36,Yes,331,DW DN,19:39,YB DN,20:35,56,0,No StepBack
270,,,,,,,,331,YB DN,20:35,YB UP,22:08,93,50,304
270,,,,,,,,306,YB UP,22:58,DW UP,23:54,56,0,No StepBack
270,,,,,,,,306,DW UP,23:54,DSTO,24:13,19,2,No StepBack
270,,,,,,,,306,DSTO,24:15,DW DN,24:33,18,42,No StepBack
270,,,,,,,,329,DW UP,25:15,NFD,25:40,25,0,No StepBack
,,,,,,,,,,,,,
271,19:39,DW UP,NFD,25:38,03:51,05:59,Yes,306,DW UP,19:54,DW DN,20:46,52,0,328
271,,,,,,,,328,DW DN,20:46,YB DN,21:42,56,58,No StepBack
271,,,,,,,,310,YB UP,22:40,DW UP,23:36,56,0,No StepBack
271,,,,,,,,310,DW UP,23:36,DSTO,23:55,19,6,No StepBack
271,,,,,,,,310,DSTO,24:01,DW DN,24:18,17,35,No StepBack
271,,,,,,,,336,DW UP,24:53,NFD,25:18,25,0,No StepBack
,,,,,,,,,,,,,
