365,185,9,114,305
366,281,104,22,211
92,285,108,299,122
367,93,284,201,23
368,0,192,296,209
369,189,15,204
276,96,10,118
370,2,106,25
371,277,98,293,116
372,94,282,198,302
373,187,14,119
374,278,99,292,208
375,95,283,112,27
376,188,291,205
378,3,195,24
377,279,105,297,210
379,97,12,207,29
1,190,17,125
280,102,294,117,31,220
380,5,197,19,126,314
186,8,203,30
381,6,111,303,216,38
382,100,288,115,32
383,7,199,21,217,39
4,193,298,121,313,136
101,289,202,306,132,320
384,103,20,213,35
191,13,120,308,134,322
286,109,26,219
287,110,301,215,318,141
11,200,304,127,41,230
194,16,124,312,225,47
107,295,123,311,137,325
290,113,307,130,321,144
196,18,212,34,139,327
300,214,42,231
206,28,222,44,236,58
309,224,48,237
310,133,46,235,61,250
128,316,229,335
33,228,53,242
129,317,232,57
131,319,145,333,162,350
218,40,234,56,161,349
36,227,54,243
37,226,332,155,68,257
315,138,51,240,346,169
221,43,150,338,165,353
135,323,148,336,166,354
223,45,153,341,167,355
140,328,154,342,258,80
324,147,337,160,76,265
142,330,156,344,173,385
143,331,244,66,174,361
326,149,62,251,78,267
49,238,345,168,358,181
146,334,164,352,178,388
233,55,163,351,177,362
50,239,67,256,359,182
329,152,69,175,386,390,394
52,241,70,176,387,391,397
151,339,259,81,389
59,253,357,180,395,411,416
60,170,83,271,403
157,347,262,87,398,405,409
158,74,266,88,401
245,71,263,363,400,407
340,255,82,270,396
246,72,264,364,402,412
63,172,86,274,410
159,75,268,90,413
247,73,179,392
64,260,85,273,406
343,171,84,272,408
65,254,360,393,414
248,356,269,91,415
249,77,183,399
252,79,184,404
348,261,89,275,417
