Rake Num,Start Stn,Start Time,End Stn,End Time,Duty Num
701,SAKP 3RD,05:29,PBGW DN,05:33,202
701,PBGW DN,05:33,IPE,06:40,202
701,IPE,06:40,KKDA DN,06:47,202
701,KKDA DN,06:47,MKPR,07:25,401
701,MKPR,07:31,PBGW DN,07:45,401
701,PBGW DN,07:45,IPE,08:44,401
701,IPE,08:44,KKDA DN,08:51,401
701,KKDA DN,08:51,MKPR,09:29,408
701,MKPR,09:30,PBGW DN,09:44,408
701,PBGW DN,09:44,IPE,10:43,211
701,IPE,10:43,KKDA DN,10:50,211
701,KKDA DN,10:50,MKPR,11:28,210
701,MKPR,11:28,PBGW DN,11:43,210
701,PBGW DN,11:43,IPE,12:42,208
701,IPE,12:42,KKDA DN,12:49,208
701,KKDA DN,12:49,MKPR,13:26,208
701,MKPR,13:27,PBGW DN,13:42,208
701,PBGW DN,13:42,IPE,14:41,217
701,IPE,14:41,KKDA DN,14:47,217
701,KKDA DN,14:47,MKPR,15:25,217
701,MKPR,15:26,PBGW DN,15:40,217
701,PBGW DN,15:40,IPE,16:39,225
701,IPE,16:39,KKDA DN,16:46,225
701,KKDA DN,16:46,MKPR,17:24,225
701,MKPR,17:25,PBGW DN,17:39,225
701,PBGW DN,17:39,IPE,18:38,237
701,IPE,18:38,KKDA DN,18:45,237
701,KKDA DN,18:45,MKPR,19:23,233
701,MKPR,19:23,PBGW DN,19:38,233
701,PBGW DN,19:38,IPE,20:37,432
701,IPE,20:37,KKDA DN,20:44,432
701,KKDA DN,20:44,MKPR,21:21,427
701,MKPR,21:22,PBGW DN,21:37,427
701,PBGW DN,21:37,IPE,22:36,427
701,IPE,22:36,KKDA DN,22:42,427
701,KKDA DN,22:42,MKPR,23:20,238
 , , , , , 
702,SVVR DN SDG,04:55,KKDA UP,06:15,401
702,KKDA UP,06:15,IPE,06:22,411
702,IPE,06:22,PBGW UP,07:21,411
702,PBGW UP,07:21,MKPR,07:36,411
702,MKPR,07:40,KKDA UP,08:17,411
702,KKDA UP,08:17,IPE,08:24,207
702,IPE,08:24,PBGW UP,09:24,207
702,PBGW UP,09:24,MKPR,09:39,202
702,MKPR,09:40,KKDA UP,10:17,202
702,KKDA UP,10:17,IPE,10:24,202
702,IPE,10:24,PBGW UP,11:24,202
702,PBGW UP,11:24,MKPR,11:39,218
702,MKPR,11:40,KKDA UP,12:17,218
702,KKDA UP,12:17,IPE,12:24,218
702,IPE,12:24,PBGW UP,13:24,218
702,PBGW UP,13:24,MKPR,13:39,226
702,MKPR,13:40,KKDA UP,14:17,226
702,KKDA UP,14:17,IPE,14:24,226
702,IPE,14:24,PBGW UP,15:24,226
702,PBGW UP,15:24,MKPR,15:39,223
702,MKPR,15:40,KKDA UP,16:17,223
702,KKDA UP,16:17,IPE,16:24,223
702,IPE,16:24,PBGW UP,17:24,223
702,PBGW UP,17:24,MKPR,17:39,235
702,MKPR,17:40,KKDA UP,18:17,235
702,KKDA UP,18:17,IPE,18:24,428
702,IPE,18:24,PBGW UP,19:24,428
702,PBGW UP,19:24,MKPR,19:39,428
702,MKPR,19:40,KKDA UP,20:17,428
702,KKDA UP,20:17,IPE,20:24,426
702,IPE,20:24,PBGW UP,21:24,426
702,PBGW UP,21:24,MKPR,21:39,426
702,MKPR,21:40,KKDA UP,22:17,426
702,KKDA UP,22:17,IPE,22:24,438
702,IPE,22:24,PBGW UP,23:24,438
702,PBGW UP,23:24,MKPR,23:39,438
702,MKPR,23:50,MUPR,24:12,438
702,MUPR,24:12,MUPR 3RD SDG,24:32,438
 , , , , , 
703,MUPR DN,05:34,MKPR,05:54,405
703,MKPR,06:00,PBGW DN,06:14,405
703,PBGW DN,06:14,IPE,07:13,405
703,IPE,07:13,KKDA DN,07:20,405
703,KKDA DN,07:20,MKPR,07:58,202
703,MKPR,08:00,PBGW DN,08:14,202
703,PBGW DN,08:14,IPE,09:13,217
703,IPE,09:13,KKDA DN,09:20,217
703,KKDA DN,09:20,MKPR,09:58,217
703,MKPR,09:58,PBGW DN,10:13,217
703,PBGW DN,10:13,IPE,11:12,405
703,IPE,11:12,KKDA DN,11:19,405
703,KKDA DN,11:19,MKPR,11:56,213
703,MKPR,11:57,PBGW DN,12:12,213
703,PBGW DN,12:12,IPE,13:11,221
703,IPE,13:11,KKDA DN,13:17,221
703,KKDA DN,13:17,MKPR,13:55,221
703,MKPR,13:56,PBGW DN,14:10,221
703,PBGW DN,14:10,IPE,15:09,227
703,IPE,15:09,KKDA DN,15:16,227
703,KKDA DN,15:16,MKPR,15:54,227
703,MKPR,15:55,PBGW DN,16:09,227
703,PBGW DN,16:09,IPE,17:08,232
703,IPE,17:08,KKDA DN,17:15,232
703,KKDA DN,17:15,MKPR,17:53,232
703,MKPR,17:53,PBGW DN,18:08,232
703,PBGW DN,18:08,IPE,19:07,222
703,IPE,19:07,KKDA DN,19:14,222
703,KKDA DN,19:14,MKPR,19:51,222
703,MKPR,19:52,PBGW DN,20:07,222
703,PBGW DN,20:07,IPE,21:06,228
703,IPE,21:06,KKDA DN,21:12,228
703,KKDA DN,21:12,MKPR,21:50,228
 , , , , , 
706,MUPR 4TH,05:30,KKDA UP,06:04,403
706,KKDA UP,06:04,IPE,06:11,403
706,IPE,06:11,PBGW UP,07:10,403
706,PBGW UP,07:10,MKPR,07:26,404
706,MKPR,07:30,KKDA UP,08:07,404
706,KKDA UP,08:07,IPE,08:14,416
706,IPE,08:14,PBGW UP,09:14,416
706,PBGW UP,09:14,MKPR,09:29,416
706,MKPR,09:30,KKDA UP,10:07,416
706,KKDA UP,10:07,IPE,10:14,401
706,IPE,10:14,PBGW UP,11:14,401
706,PBGW UP,11:14,MKPR,11:29,401
706,MKPR,11:30,KKDA UP,12:07,401
706,KKDA UP,12:07,IPE,12:14,421
706,IPE,12:14,PBGW UP,13:14,421
706,PBGW UP,13:14,MKPR,13:29,219
706,MKPR,13:30,KKDA UP,14:07,219
706,KKDA UP,14:07,IPE,14:14,219
706,IPE,14:14,PBGW UP,15:14,219
706,PBGW UP,15:14,MKPR,15:29,231
706,MKPR,15:30,KKDA UP,16:07,231
706,KKDA UP,16:07,IPE,16:14,231
706,IPE,16:14,PBGW UP,17:14,231
706,PBGW UP,17:14,MKPR,17:29,229
706,MKPR,17:30,KKDA UP,18:07,229
706,KKDA UP,18:07,IPE,18:14,229
706,IPE,18:14,PBGW UP,19:14,229
706,PBGW UP,19:14,MKPR,19:29,433
706,MKPR,19:30,KKDA UP,20:07,433
706,KKDA UP,20:07,IPE,20:14,240
706,IPE,20:14,PBGW UP,21:14,240
706,PBGW UP,21:14,MKPR,21:29,234
706,MKPR,21:30,KKDA UP,22:07,234
706,KKDA UP,22:07,IPE,22:14,234
706,IPE,22:14,PBGW UP,23:14,234
706,PBGW UP,23:14,MKPR,23:29,234
 , , , , , 
707,MVPO DN,05:15,IPE,06:15,402
707,IPE,06:15,KKDA DN,06:21,402
707,KKDA DN,06:21,MKPR,06:59,412
707,MKPR,07:01,PBGW DN,07:15,412
707,PBGW DN,07:15,IPE,08:14,412
707,IPE,08:14,KKDA DN,08:21,412
707,KKDA DN,08:21,MKPR,08:59,417
707,MKPR,09:00,PBGW DN,09:14,417
707,PBGW DN,09:14,IPE,10:13,417
707,IPE,10:13,KKDA DN,10:20,417
707,KKDA DN,10:20,MKPR,10:58,415
707,MKPR,10:58,PBGW DN,11:13,415
707,PBGW DN,11:13,IPE,12:12,216
707,IPE,12:12,KKDA DN,12:19,216
707,KKDA DN,12:19,MKPR,12:56,216
707,MKPR,12:57,PBGW DN,13:12,216
707,PBGW DN,13:12,IPE,14:11,225
707,IPE,14:11,KKDA DN,14:17,225
707,KKDA DN,14:17,MKPR,14:55,225
707,MKPR,14:56,PBGW DN,15:10,225
707,PBGW DN,15:10,IPE,16:09,230
707,IPE,16:09,KKDA DN,16:16,230
707,KKDA DN,16:16,MKPR,16:54,230
707,MKPR,16:55,PBGW DN,17:09,230
707,PBGW DN,17:09,IPE,18:08,233
707,IPE,18:08,KKDA DN,18:15,233
707,KKDA DN,18:15,MKPR,18:53,427
707,MKPR,18:53,PBGW DN,19:08,427
707,PBGW DN,19:08,IPE,20:07,427
707,IPE,20:07,KKDA DN,20:14,427
707,KKDA DN,20:14,MKPR,20:51,239
707,MKPR,20:52,PBGW DN,21:07,239
707,PBGW DN,21:07,IPE,22:06,238
707,IPE,22:06,KKDA DN,22:12,238
707,KKDA DN,22:12,MKPR,22:50,235
707,MKPR,22:52,PBGW DN,23:06,235
707,PBGW DN,23:06,DDSC,23:24,235
707,DDSC,23:24,DDSC SDG STABLE,23:44,235
 , , , , , 
708,DDSC SDG,04:55,PBGW UP,06:01,201
708,PBGW UP,06:01,MKPR,06:17,201
708,MKPR,06:20,KKDA UP,06:57,201
708,KKDA UP,06:57,IPE,07:04,413
708,IPE,07:04,PBGW UP,08:04,413
708,PBGW UP,08:04,MKPR,08:19,413
708,MKPR,08:20,KKDA UP,08:57,413
708,KKDA UP,08:57,IPE,09:04,404
708,IPE,09:04,PBGW UP,10:04,404
708,PBGW UP,10:04,MKPR,10:19,404
708,MKPR,10:20,KKDA UP,10:57,404
708,KKDA UP,10:57,IPE,11:04,414
708,IPE,11:04,PBGW UP,12:04,414
708,PBGW UP,12:04,MKPR,12:19,415
708,MKPR,12:20,KKDA UP,12:57,415
708,KKDA UP,12:57,IPE,13:04,423
708,IPE,13:04,PBGW UP,14:04,423
708,PBGW UP,14:04,MKPR,14:19,423
708,MKPR,14:20,KKDA UP,14:57,423
708,KKDA UP,14:57,IPE,15:04,419
708,IPE,15:04,PBGW UP,16:04,419
708,PBGW UP,16:04,MKPR,16:19,419
708,MKPR,16:20,KKDA UP,16:57,419
708,KKDA UP,16:57,IPE,17:04,431
708,IPE,17:04,PBGW UP,18:04,431
708,PBGW UP,18:04,MKPR,18:19,239
708,MKPR,18:20,KKDA UP,18:57,239
708,KKDA UP,18:57,IPE,19:04,430
708,IPE,19:04,PBGW UP,20:04,430
708,PBGW UP,20:04,MKPR,20:19,232
708,MKPR,20:20,KKDA UP,20:57,232
708,KKDA UP,20:57,IPE,21:04,232
708,IPE,21:04,PBGW UP,22:04,232
708,PBGW UP,22:04,MKPR,22:19,232
 , , , , , 
709,MKPR,05:40,PBGW DN,05:55,204
709,PBGW DN,05:55,IPE,06:50,204
709,IPE,06:50,KKDA DN,06:57,204
709,KKDA DN,06:57,MKPR,07:35,204
709,MKPR,07:41,PBGW DN,07:55,204
709,PBGW DN,07:55,IPE,08:54,410
709,IPE,08:54,KKDA DN,09:01,410
709,KKDA DN,09:01,MKPR,09:39,406
709,MKPR,09:40,PBGW DN,09:54,406
709,PBGW DN,09:54,IPE,10:53,406
709,IPE,10:53,KKDA DN,11:00,406
709,KKDA DN,11:00,MKPR,11:38,416
709,MKPR,11:38,PBGW DN,11:53,416
709,PBGW DN,11:53,IPE,12:52,416
709,IPE,12:52,KKDA DN,12:59,416
709,KKDA DN,12:59,MKPR,13:36,424
709,MKPR,13:37,PBGW DN,13:52,424
709,PBGW DN,13:52,IPE,14:51,424
709,IPE,14:51,KKDA DN,14:57,424
709,KKDA DN,14:57,MKPR,15:35,426
709,MKPR,15:36,PBGW DN,15:50,426
709,PBGW DN,15:50,IPE,16:49,426
709,IPE,16:49,KKDA DN,16:56,426
709,KKDA DN,16:56,MKPR,17:34,425
709,MKPR,17:35,PBGW DN,17:49,425
709,PBGW DN,17:49,IPE,18:48,425
709,IPE,18:48,KKDA DN,18:55,425
709,KKDA DN,18:55,MKPR,19:33,438
709,MKPR,19:33,PBGW DN,19:48,438
709,PBGW DN,19:48,IPE,20:47,436
709,IPE,20:47,KKDA DN,20:54,436
709,KKDA DN,20:54,MKPR,21:31,428
709,MKPR,21:32,PBGW DN,21:47,428
709,PBGW DN,21:47,IPE,22:46,428
709,IPE,22:46,KKDA DN,22:52,428
709,KKDA DN,22:52,MKPR,23:30,431
709,MKPR,23:32,MUPR,23:54,431
709,MUPR,23:54,MUPR DN PF STABLE,24:14,431
 , , , , , 
710,MKPR,05:35,KKDA UP,06:25,203
710,KKDA UP,06:25,IPE,06:32,203
710,IPE,06:32,PBGW UP,07:31,203
710,PBGW UP,07:31,MKPR,07:46,215
710,MKPR,07:50,KKDA UP,08:27,215
710,KKDA UP,08:27,IPE,08:34,215
710,IPE,08:34,PBGW UP,09:34,215
710,PBGW UP,09:34,MKPR,09:49,213
710,MKPR,09:50,KKDA UP,10:27,213
710,KKDA UP,10:27,IPE,10:34,206
710,IPE,10:34,PBGW UP,11:34,206
710,PBGW UP,11:34,MKPR,11:49,214
710,MKPR,11:50,KKDA UP,12:27,214
710,KKDA UP,12:27,IPE,12:34,214
710,IPE,12:34,PBGW UP,13:34,214
710,PBGW UP,13:34,MKPR,13:49,419
710,MKPR,13:50,KKDA UP,14:27,419
710,KKDA UP,14:27,IPE,14:34,420
710,IPE,14:34,PBGW UP,15:34,420
710,PBGW UP,15:34,MKPR,15:49,420
710,MKPR,15:50,KKDA UP,16:27,420
710,KKDA UP,16:27,IPE,16:34,221
710,IPE,16:34,PBGW UP,17:34,221
710,PBGW UP,17:34,MKPR,17:49,236
710,MKPR,17:50,KKDA UP,18:27,236
710,KKDA UP,18:27,IPE,18:34,423
710,IPE,18:34,PBGW UP,19:34,423
710,PBGW UP,19:34,MKPR,19:49,423
710,MKPR,19:50,KKDA UP,20:27,423
710,KKDA UP,20:27,IPE,20:34,241
710,IPE,20:34,PBGW UP,21:34,241
710,PBGW UP,21:34,MKPR,21:49,237
710,MKPR,21:50,KKDA UP,22:27,237
710,KKDA UP,22:27,IPE,22:34,237
710,IPE,22:34,PBGW UP,23:34,237
710,PBGW UP,23:34,MKPR,23:49,237
 , , , , , 
711,MKPR,05:50,PBGW DN,06:03,205
711,PBGW DN,06:03,IPE,07:02,205
711,IPE,07:02,KKDA DN,07:09,205
711,KKDA DN,07:09,MKPR,07:47,205
711,MKPR,07:51,PBGW DN,08:05,205
711,PBGW DN,08:05,IPE,09:04,203
711,IPE,09:04,KKDA DN,09:11,203
711,KKDA DN,09:11,MKPR,09:49,412
711,MKPR,09:50,PBGW DN,10:04,412
711,PBGW DN,10:04,IPE,11:03,412
711,IPE,11:03,KKDA DN,11:10,412
711,KKDA DN,11:10,MKPR,11:48,201
711,MKPR,11:48,PBGW DN,12:03,201
711,PBGW DN,12:03,IPE,13:02,220
711,IPE,13:02,KKDA DN,13:09,220
711,KKDA DN,13:09,MKPR,13:46,220
711,MKPR,13:47,PBGW DN,14:02,220
711,PBGW DN,14:02,IPE,15:01,218
711,IPE,15:01,KKDA DN,15:07,218
711,KKDA DN,15:07,MKPR,15:45,218
711,MKPR,15:46,PBGW DN,16:00,218
711,PBGW DN,16:00,IPE,16:59,224
711,IPE,16:59,KKDA DN,17:06,224
711,KKDA DN,17:06,MKPR,17:44,224
711,MKPR,17:45,PBGW DN,17:59,224
711,PBGW DN,17:59,IPE,18:58,223
711,IPE,18:58,KKDA DN,19:05,223
711,KKDA DN,19:05,MKPR,19:43,223
711,MKPR,19:43,PBGW DN,19:58,223
711,PBGW DN,19:58,IPE,20:57,434
711,IPE,20:57,KKDA DN,21:04,434
711,KKDA DN,21:04,MKPR,21:41,437
711,MKPR,21:45,PBGW DN,21:59,437
711,PBGW DN,21:59,IPE,22:58,240
711,IPE,22:58,KKDA DN,23:05,240
711,KKDA DN,23:05,MKPR,23:43,240
 , , , , , 
712,MKPR,06:00,KKDA UP,06:37,206
712,KKDA UP,06:37,IPE,06:44,206
712,IPE,06:44,PBGW UP,07:44,206
712,PBGW UP,07:44,MKPR,07:59,403
712,MKPR,08:00,KKDA UP,08:37,403
712,KKDA UP,08:37,IPE,08:44,407
712,IPE,08:44,PBGW UP,09:44,407
712,PBGW UP,09:44,MKPR,09:59,209
712,MKPR,10:00,KKDA UP,10:37,209
712,KKDA UP,10:37,IPE,10:44,203
712,IPE,10:44,PBGW UP,11:44,203
712,PBGW UP,11:44,MKPR,11:59,418
712,MKPR,12:00,KKDA UP,12:37,418
712,KKDA UP,12:37,IPE,12:44,422
712,IPE,12:44,PBGW UP,13:44,422
712,PBGW UP,13:44,MKPR,13:59,216
712,MKPR,14:00,KKDA UP,14:37,216
712,KKDA UP,14:37,IPE,14:44,216
712,IPE,14:44,PBGW UP,15:44,216
712,PBGW UP,15:44,MKPR,15:59,219
712,MKPR,16:00,KKDA UP,16:37,219
712,KKDA UP,16:37,IPE,16:44,219
712,IPE,16:44,PBGW UP,17:44,219
712,PBGW UP,17:44,MKPR,17:59,238
712,MKPR,18:00,KKDA UP,18:37,238
712,KKDA UP,18:37,IPE,18:44,429
712,IPE,18:44,PBGW UP,19:44,429
712,PBGW UP,19:44,MKPR,19:59,227
712,MKPR,20:00,KKDA UP,20:37,227
712,KKDA UP,20:37,IPE,20:44,227
712,IPE,20:44,PBGW UP,21:44,227
712,PBGW UP,21:44,MKPR,21:59,239
712,MKPR,22:00,KKDA UP,22:37,239
712,KKDA UP,22:37,IPE,22:44,239
712,IPE,22:44,PBGW UP,23:44,239
712,PBGW UP,23:44,MKPR,23:59,239
 , , , , , 
713,MKPR,06:11,PBGW DN,06:25,207
713,PBGW DN,06:25,IPE,07:24,207
713,IPE,07:24,KKDA DN,07:31,207
713,KKDA DN,07:31,MKPR,08:09,402
713,MKPR,08:10,PBGW DN,08:24,402
713,PBGW DN,08:24,IPE,09:23,402
713,IPE,09:23,KKDA DN,09:30,402
713,KKDA DN,09:30,MKPR,10:08,403
713,MKPR,10:08,PBGW DN,10:23,403
713,PBGW DN,10:23,IPE,11:22,407
713,IPE,11:22,KKDA DN,11:29,407
713,KKDA DN,11:29,MKPR,12:06,417
713,MKPR,12:07,PBGW DN,12:22,417
713,PBGW DN,12:22,IPE,13:21,417
713,IPE,13:21,KKDA DN,13:27,417
713,KKDA DN,13:27,MKPR,14:05,415
713,MKPR,14:06,PBGW DN,14:20,415
713,PBGW DN,14:20,IPE,15:19,415
713,IPE,15:19,KKDA DN,15:26,415
713,KKDA DN,15:26,MKPR,16:04,429
713,MKPR,16:05,PBGW DN,16:19,429
713,PBGW DN,16:19,IPE,17:18,429
713,IPE,17:18,KKDA DN,17:25,429
713,KKDA DN,17:25,MKPR,18:03,433
713,MKPR,18:03,PBGW DN,18:18,433
713,PBGW DN,18:18,IPE,19:17,231
713,IPE,19:17,KKDA DN,19:24,231
713,KKDA DN,19:24,MKPR,20:01,231
713,MKPR,20:02,PBGW DN,20:17,231
713,PBGW DN,20:17,IPE,21:16,229
713,IPE,21:16,KKDA DN,21:22,229
713,KKDA DN,21:22,MKPR,22:00,229
713,MKPR,22:00,PBGW DN,22:14,229
713,PBGW DN,22:14,IPE,23:13,241
713,IPE,23:13,KKDA DN,23:20,241
713,KKDA DN,23:20,MKPR,23:58,241
 , , , , , 
714,MKPR,06:30,KKDA UP,07:07,208
714,KKDA UP,07:07,IPE,07:14,208
714,IPE,07:14,PBGW UP,08:14,208
714,PBGW UP,08:14,MKPR,08:29,216
714,MKPR,08:30,KKDA UP,09:07,216
714,KKDA UP,09:07,IPE,09:14,216
714,IPE,09:14,PBGW UP,10:14,216
714,PBGW UP,10:14,MKPR,10:29,409
714,MKPR,10:30,KKDA UP,11:07,409
714,KKDA UP,11:07,IPE,11:14,205
714,IPE,11:14,PBGW UP,12:14,205
714,PBGW UP,12:14,MKPR,12:29,210
714,MKPR,12:30,KKDA UP,13:07,210
714,KKDA UP,13:07,IPE,13:14,210
714,IPE,13:14,PBGW UP,14:14,210
714,PBGW UP,14:14,MKPR,14:29,422
714,MKPR,14:30,KKDA UP,15:07,422
714,KKDA UP,15:07,IPE,15:14,427
714,IPE,15:14,PBGW UP,16:14,427
714,PBGW UP,16:14,MKPR,16:29,427
714,MKPR,16:30,KKDA UP,17:07,427
714,KKDA UP,17:07,IPE,17:14,432
714,IPE,17:14,PBGW UP,18:14,432
714,PBGW UP,18:14,MKPR,18:29,240
714,MKPR,18:30,KKDA UP,19:07,240
714,KKDA UP,19:07,IPE,19:14,235
714,IPE,19:14,PBGW UP,20:14,235
714,PBGW UP,20:14,MKPR,20:29,435
714,MKPR,20:30,KKDA UP,21:07,435
714,KKDA UP,21:07,IPE,21:14,433
714,IPE,21:14,PBGW UP,22:14,433
714,PBGW UP,22:14,MKPR,22:29,433
714,MKPR,22:30,MUPR,22:52,433
714,MUPR,22:52,MUPR 4TH PF STABLE,23:12,433
 , , , , , 
715,MKPR,06:41,PBGW DN,06:55,211
715,PBGW DN,06:55,IPE,07:54,211
715,IPE,07:54,KKDA DN,08:01,211
715,KKDA DN,08:01,MKPR,08:39,211
715,MKPR,08:40,PBGW DN,08:54,211
715,PBGW DN,08:54,IPE,09:53,210
715,IPE,09:53,KKDA DN,10:00,210
715,KKDA DN,10:00,MKPR,10:38,402
715,MKPR,10:38,PBGW DN,10:53,402
715,PBGW DN,10:53,IPE,11:52,402
715,IPE,11:52,KKDA DN,11:59,402
715,KKDA DN,11:59,MKPR,12:36,420
715,MKPR,12:37,PBGW DN,12:52,420
715,PBGW DN,12:52,IPE,13:51,420
715,IPE,13:51,KKDA DN,13:57,420
715,KKDA DN,13:57,MKPR,14:35,417
715,MKPR,14:36,PBGW DN,14:50,417
715,PBGW DN,14:50,IPE,15:49,417
715,IPE,15:49,KKDA DN,15:56,417
715,KKDA DN,15:56,MKPR,16:34,423
715,MKPR,16:35,PBGW DN,16:49,423
715,PBGW DN,16:49,IPE,17:48,423
715,IPE,17:48,KKDA DN,17:55,423
715,KKDA DN,17:55,MKPR,18:33,436
715,MKPR,18:33,PBGW DN,18:48,436
715,PBGW DN,18:48,IPE,19:47,225
715,IPE,19:47,KKDA DN,19:54,225
715,KKDA DN,19:54,MKPR,20:31,225
715,MKPR,20:32,PBGW DN,20:47,225
715,PBGW DN,20:47,IPE,21:46,231
715,IPE,21:46,KKDA DN,21:52,231
715,KKDA DN,21:52,MKPR,22:30,231
715,MKPR,22:32,PBGW DN,22:47,231
715,PBGW DN,22:47,MVPO,23:35,437
715,MVPO,23:35,MVPO DN PF  STABLE,23:55,437
 , , , , , 
716,MKPR,06:40,KKDA UP,07:17,210
716,KKDA UP,07:17,IPE,07:24,210
716,IPE,07:24,PBGW UP,08:24,210
716,PBGW UP,08:24,MKPR,08:39,206
716,MKPR,08:40,KKDA UP,09:17,206
716,KKDA UP,09:17,IPE,09:24,411
716,IPE,09:24,PBGW UP,10:24,411
716,PBGW UP,10:24,MKPR,10:39,219
716,MKPR,10:40,KKDA UP,11:17,219
716,KKDA UP,11:17,IPE,11:24,219
716,IPE,11:24,PBGW UP,12:24,219
716,PBGW UP,12:24,MKPR,12:39,212
716,MKPR,12:40,KKDA UP,13:17,212
716,KKDA UP,13:17,IPE,13:24,212
716,IPE,13:24,PBGW UP,14:24,212
716,PBGW UP,14:24,MKPR,14:39,421
716,MKPR,14:40,KKDA UP,15:17,421
716,KKDA UP,15:17,IPE,15:24,428
716,IPE,15:24,PBGW UP,16:24,428
716,PBGW UP,16:24,MKPR,16:39,428
716,MKPR,16:40,KKDA UP,17:17,428
716,KKDA UP,17:17,IPE,17:24,420
716,IPE,17:24,PBGW UP,18:24,420
716,PBGW UP,18:24,MKPR,18:39,420
716,MKPR,18:40,KKDA UP,19:17,420
716,KKDA UP,19:17,IPE,19:24,236
716,IPE,19:24,PBGW UP,20:24,236
716,PBGW UP,20:24,MKPR,20:39,438
716,MKPR,20:40,KKDA UP,21:17,438
716,KKDA UP,21:17,IPE,21:24,432
716,IPE,21:24,PBGW UP,22:24,432
716,PBGW UP,22:24,MKPR,22:39,432
716,MKPR,22:40,KKDA UP,23:17,432
716,KKDA UP,23:17,IPE,23:24,432
 , , , , , 
717,MKPR,07:11,PBGW DN,07:25,214
717,PBGW DN,07:25,IPE,08:24,214
717,IPE,08:24,KKDA DN,08:31,214
717,KKDA DN,08:31,MKPR,09:09,409
717,MKPR,09:10,PBGW DN,09:24,409
717,PBGW DN,09:24,IPE,10:23,201
717,IPE,10:23,KKDA DN,10:30,201
717,KKDA DN,10:30,MKPR,11:08,204
717,MKPR,11:08,PBGW DN,11:23,204
717,PBGW DN,11:23,IPE,12:22,411
717,IPE,12:22,KKDA DN,12:29,411
717,KKDA DN,12:29,MKPR,13:06,413
717,MKPR,13:07,PBGW DN,13:22,413
717,PBGW DN,13:22,IPE,14:21,413
717,IPE,14:21,KKDA DN,14:27,413
717,KKDA DN,14:27,MKPR,15:05,425
717,MKPR,15:06,PBGW DN,15:20,425
717,PBGW DN,15:20,IPE,16:19,425
717,IPE,16:19,KKDA DN,16:26,425
717,KKDA DN,16:26,MKPR,17:04,220
717,MKPR,17:05,PBGW DN,17:19,220
717,PBGW DN,17:19,IPE,18:18,234
717,IPE,18:18,KKDA DN,18:25,234
717,KKDA DN,18:25,MKPR,19:03,424
717,MKPR,19:03,PBGW DN,19:18,424
717,PBGW DN,19:18,IPE,20:17,424
717,IPE,20:17,KKDA DN,20:24,424
717,KKDA DN,20:24,MKPR,21:01,431
717,MKPR,21:02,PBGW DN,21:17,431
717,PBGW DN,21:17,IPE,22:16,431
717,IPE,22:16,KKDA DN,22:22,431
717,KKDA DN,22:22,MKPR,23:00,236
717,MKPR,23:02,PBGW DN,23:16,236
717,PBGW DN,23:16,DDSC,23:34,236
717,DDSC,23:34,DDSC DN PF STABLE,23:54,236
 , , , , , 
718,MKPR,06:50,KKDA UP,07:27,212
718,KKDA UP,07:27,IPE,07:34,212
718,IPE,07:34,PBGW UP,08:34,212
718,PBGW UP,08:34,MKPR,08:49,218
718,MKPR,08:50,KKDA UP,09:27,218
718,KKDA UP,09:27,IPE,09:34,218
718,IPE,09:34,PBGW UP,10:34,218
718,PBGW UP,10:34,MKPR,10:49,207
718,MKPR,10:50,KKDA UP,11:27,207
718,KKDA UP,11:27,IPE,11:34,207
718,IPE,11:34,PBGW UP,12:34,207
718,PBGW UP,12:34,MKPR,12:49,223
718,MKPR,12:50,KKDA UP,13:27,223
718,KKDA UP,13:27,IPE,13:34,223
718,IPE,13:34,PBGW UP,14:34,223
718,PBGW UP,14:34,MKPR,14:49,220
718,MKPR,14:50,KKDA UP,15:27,220
718,KKDA UP,15:27,IPE,15:34,424
718,IPE,15:34,PBGW UP,16:34,424
718,PBGW UP,16:34,MKPR,16:49,424
718,MKPR,16:50,KKDA UP,17:27,424
718,KKDA UP,17:27,IPE,17:34,426
718,IPE,17:34,PBGW UP,18:34,426
718,PBGW UP,18:34,MKPR,18:49,426
718,MKPR,18:50,KKDA UP,19:27,426
718,KKDA UP,19:27,IPE,19:34,238
718,IPE,19:34,PBGW UP,20:34,238
718,PBGW UP,20:34,MKPR,20:49,233
718,MKPR,20:50,KKDA UP,21:27,233
718,KKDA UP,21:27,IPE,21:34,436
718,IPE,21:34,PBGW UP,22:34,436
718,PBGW UP,22:34,MKPR,22:49,436
718,MKPR,22:50,KKDA UP,23:27,436
718,KKDA UP,23:27,IPE,23:34,436
 , , , , , 
719,IPE,05:35,KKDA DN,05:41,406
719,KKDA DN,05:41,MKPR,06:21,406
719,MKPR,06:21,PBGW DN,06:35,406
719,PBGW DN,06:35,IPE,07:34,406
719,IPE,07:34,KKDA DN,07:41,406
719,KKDA DN,07:41,MKPR,08:19,414
719,MKPR,08:20,PBGW DN,08:34,414
719,PBGW DN,08:34,IPE,09:33,414
719,IPE,09:33,KKDA DN,09:40,414
719,KKDA DN,09:40,MKPR,10:18,410
719,MKPR,10:18,PBGW DN,10:33,410
719,PBGW DN,10:33,IPE,11:32,215
719,IPE,11:32,KKDA DN,11:39,215
719,KKDA DN,11:39,MKPR,12:16,215
719,MKPR,12:17,PBGW DN,12:32,215
719,PBGW DN,12:32,IPE,13:31,222
719,IPE,13:31,KKDA DN,13:37,222
719,KKDA DN,13:37,MKPR,14:15,222
719,MKPR,14:16,PBGW DN,14:30,222
719,PBGW DN,14:30,IPE,15:29,228
719,IPE,15:29,KKDA DN,15:36,228
719,KKDA DN,15:36,MKPR,16:14,228
719,MKPR,16:15,PBGW DN,16:29,228
719,PBGW DN,16:29,IPE,17:28,226
719,IPE,17:28,KKDA DN,17:35,226
719,KKDA DN,17:35,MKPR,18:13,226
719,MKPR,18:13,PBGW DN,18:28,226
719,PBGW DN,18:28,IPE,19:27,230
719,IPE,19:27,KKDA DN,19:34,230
719,KKDA DN,19:34,MKPR,20:11,230
719,MKPR,20:12,PBGW DN,20:27,230
719,PBGW DN,20:27,IPE,21:26,429
719,IPE,21:26,KKDA DN,21:32,429
719,KKDA DN,21:32,MKPR,22:10,429
719,MKPR,22:12,KKDA UP,22:50,429
719,KKDA UP,22:50,IPE,22:57,429
 , , , , , 
720,IPE,05:30,PBGW UP,06:38,404
720,PBGW UP,06:38,MKPR,06:53,209
720,MKPR,07:00,KKDA UP,07:37,209
720,KKDA UP,07:37,IPE,07:44,209
720,IPE,07:44,PBGW UP,08:44,209
720,PBGW UP,08:44,MKPR,08:59,208
720,MKPR,09:00,KKDA UP,09:37,208
720,KKDA UP,09:37,IPE,09:44,208
720,IPE,09:44,PBGW UP,10:44,208
720,PBGW UP,10:44,MKPR,10:59,408
720,MKPR,11:00,KKDA UP,11:37,408
720,KKDA UP,11:37,IPE,11:44,209
720,IPE,11:44,PBGW UP,12:44,209
720,PBGW UP,12:44,MKPR,12:59,414
720,MKPR,13:00,KKDA UP,13:37,414
720,KKDA UP,13:37,IPE,13:44,416
720,IPE,13:44,PBGW UP,14:44,416
720,PBGW UP,14:44,MKPR,14:59,416
720,MKPR,15:00,KKDA UP,15:37,416
720,KKDA UP,15:37,IPE,15:44,430
720,IPE,15:44,PBGW UP,16:44,430
720,PBGW UP,16:44,MKPR,16:59,430
720,MKPR,17:00,KKDA UP,17:37,430
720,KKDA UP,17:37,IPE,17:44,434
720,IPE,17:44,PBGW UP,18:44,434
720,PBGW UP,18:44,MKPR,18:59,241
720,MKPR,19:00,KKDA UP,19:37,241
720,KKDA UP,19:37,IPE,19:44,234
720,IPE,19:44,PBGW UP,20:44,234
720,PBGW UP,20:44,MKPR,20:59,235
720,MKPR,21:00,KKDA UP,21:37,235
720,KKDA UP,21:37,IPE,21:44,435
720,IPE,21:44,PBGW UP,22:44,435
720,PBGW UP,22:44,MKPR,22:59,435
720,MKPR,23:00,MUPR,23:22,435
720,MUPR,23:22,SVVR DN SDG STABLE,23:50,435
 , , , , , 
721,IPE,05:45,KKDA DN,05:50,408
721,KKDA DN,05:50,MKPR,06:31,408
721,MKPR,06:31,PBGW DN,06:45,408
721,PBGW DN,06:45,IPE,07:44,408
721,IPE,07:44,KKDA DN,07:51,408
721,KKDA DN,07:51,MKPR,08:29,415
721,MKPR,08:30,PBGW DN,08:44,415
721,PBGW DN,08:44,IPE,09:43,415
721,IPE,09:43,KKDA DN,09:50,415
721,KKDA DN,09:50,MKPR,10:28,413
721,MKPR,10:28,PBGW DN,10:43,413
721,PBGW DN,10:43,IPE,11:42,413
721,IPE,11:42,KKDA DN,11:49,413
721,KKDA DN,11:49,MKPR,12:26,419
721,MKPR,12:27,PBGW DN,12:42,419
721,PBGW DN,12:42,IPE,13:41,213
721,IPE,13:41,KKDA DN,13:47,213
721,KKDA DN,13:47,MKPR,14:25,213
721,MKPR,14:26,PBGW DN,14:40,213
721,PBGW DN,14:40,IPE,15:39,229
721,IPE,15:39,KKDA DN,15:46,229
721,KKDA DN,15:46,MKPR,16:24,229
721,MKPR,16:25,PBGW DN,16:39,229
721,PBGW DN,16:39,IPE,17:38,227
721,IPE,17:38,KKDA DN,17:45,227
721,KKDA DN,17:45,MKPR,18:23,227
721,MKPR,18:23,PBGW DN,18:38,227
721,PBGW DN,18:38,IPE,19:37,224
721,IPE,19:37,KKDA DN,19:44,224
721,KKDA DN,19:44,MKPR,20:21,224
721,MKPR,20:22,PBGW DN,20:37,224
721,PBGW DN,20:37,IPE,21:36,430
721,IPE,21:36,KKDA DN,21:42,430
721,KKDA DN,21:42,MKPR,22:20,430
721,MKPR,22:22,KKDA UP,23:00,430
721,KKDA UP,23:00,IPE,23:07,430
 , , , , , 
722,IPE,05:45,PBGW UP,06:49,407
722,PBGW UP,06:49,MKPR,07:04,407
722,MKPR,07:10,KKDA UP,07:47,407
722,KKDA UP,07:47,IPE,07:54,201
722,IPE,07:54,PBGW UP,08:54,201
722,PBGW UP,08:54,MKPR,09:09,204
722,MKPR,09:10,KKDA UP,09:47,204
722,KKDA UP,09:47,IPE,09:54,214
722,IPE,09:54,PBGW UP,10:54,214
722,PBGW UP,10:54,MKPR,11:09,403
722,MKPR,11:10,KKDA UP,11:47,403
722,KKDA UP,11:47,IPE,11:54,412
722,IPE,11:54,PBGW UP,12:54,412
722,PBGW UP,12:54,MKPR,13:09,412
722,MKPR,13:10,KKDA UP,13:47,412
722,KKDA UP,13:47,IPE,13:54,418
722,IPE,13:54,PBGW UP,14:54,418
722,PBGW UP,14:54,MKPR,15:09,418
722,MKPR,15:10,KKDA UP,15:47,418
722,KKDA UP,15:47,IPE,15:54,421
722,IPE,15:54,PBGW UP,16:54,421
722,PBGW UP,16:54,MKPR,17:09,421
722,MKPR,17:10,KKDA UP,17:47,421
722,KKDA UP,17:47,IPE,17:54,435
722,IPE,17:54,PBGW UP,18:54,435
722,PBGW UP,18:54,MKPR,19:09,431
722,MKPR,19:10,KKDA UP,19:47,431
722,KKDA UP,19:47,IPE,19:54,237
722,IPE,19:54,PBGW UP,20:54,237
722,PBGW UP,20:54,MKPR,21:09,236
722,MKPR,21:10,KKDA UP,21:47,236
722,KKDA UP,21:47,IPE,21:54,434
722,IPE,21:54,PBGW UP,22:54,434
722,PBGW UP,22:54,MKPR,23:09,434
722,MKPR,23:10,MUPR,23:32,434
722,MUPR,23:32,MUPR 4TH SDG,23:52,434
 , , , , , 
723,IPE,06:00,KKDA DN,06:06,410
723,KKDA DN,06:06,MKPR,06:44,410
723,MKPR,06:51,PBGW DN,07:05,410
723,PBGW DN,07:05,IPE,08:04,213
723,IPE,08:04,KKDA DN,08:11,213
723,KKDA DN,08:11,MKPR,08:49,213
723,MKPR,08:50,PBGW DN,09:04,213
723,PBGW DN,09:04,IPE,10:03,205
723,IPE,10:03,KKDA DN,10:10,205
723,KKDA DN,10:10,MKPR,10:48,418
723,MKPR,10:48,PBGW DN,11:03,418
723,PBGW DN,11:03,IPE,12:02,217
723,IPE,12:02,KKDA DN,12:09,217
723,KKDA DN,12:09,MKPR,12:46,217
723,MKPR,12:47,PBGW DN,13:02,217
723,PBGW DN,13:02,IPE,14:01,215
723,IPE,14:01,KKDA DN,14:07,215
723,KKDA DN,14:07,MKPR,14:45,215
723,MKPR,14:46,PBGW DN,15:00,215
723,PBGW DN,15:00,IPE,15:59,222
723,IPE,15:59,KKDA DN,16:06,222
723,KKDA DN,16:06,MKPR,16:44,222
723,MKPR,16:45,PBGW DN,16:59,222
723,PBGW DN,16:59,IPE,17:58,228
723,IPE,17:58,KKDA DN,18:05,228
723,KKDA DN,18:05,MKPR,18:43,228
723,MKPR,18:43,PBGW DN,18:58,228
723,PBGW DN,18:58,IPE,19:57,226
723,IPE,19:57,KKDA DN,20:04,226
723,KKDA DN,20:04,MKPR,20:41,226
723,MKPR,20:42,PBGW DN,20:57,226
723,PBGW DN,20:57,IPE,21:56,230
723,IPE,21:56,KKDA DN,22:02,230
723,KKDA DN,22:02,MKPR,22:40,230
 , , , , , 
724,IPE,06:00,PBGW UP,06:59,409
724,PBGW UP,06:59,MKPR,07:14,409
724,MKPR,07:20,KKDA UP,07:57,409
724,KKDA UP,07:57,IPE,08:04,405
724,IPE,08:04,PBGW UP,09:04,405
724,PBGW UP,09:04,MKPR,09:19,212
724,MKPR,09:20,KKDA UP,09:57,212
724,KKDA UP,09:57,IPE,10:04,212
724,IPE,10:04,PBGW UP,11:04,212
724,PBGW UP,11:04,MKPR,11:19,410
724,MKPR,11:20,KKDA UP,11:57,410
724,KKDA UP,11:57,IPE,12:04,211
724,IPE,12:04,PBGW UP,13:04,211
724,PBGW UP,13:04,MKPR,13:19,224
724,MKPR,13:20,KKDA UP,13:57,224
724,KKDA UP,13:57,IPE,14:04,224
724,IPE,14:04,PBGW UP,15:04,224
724,PBGW UP,15:04,MKPR,15:19,221
724,MKPR,15:20,KKDA UP,15:57,221
724,KKDA UP,15:57,IPE,16:04,422
724,IPE,16:04,PBGW UP,17:04,422
724,PBGW UP,17:04,MKPR,17:19,422
724,MKPR,17:20,KKDA UP,17:57,422
724,KKDA UP,17:57,IPE,18:04,437
724,IPE,18:04,PBGW UP,19:04,437
724,PBGW UP,19:04,MKPR,19:19,437
724,MKPR,19:20,KKDA UP,19:57,437
724,KKDA UP,19:57,IPE,20:04,425
724,IPE,20:04,PBGW UP,21:04,425
724,PBGW UP,21:04,MKPR,21:19,425
724,MKPR,21:20,KKDA UP,21:57,425
724,KKDA UP,21:57,IPE,22:04,233
724,IPE,22:04,PBGW UP,23:04,233
724,PBGW UP,23:04,MKPR,23:19,233
724,MKPR,23:21,SAKP,23:32,233
724,SAKP,23:32,SAKP 3RD PF STABLE,23:52,233
