,Rake Num,Start Station,Start Time,End Station,End Time,Direction,service time,Same Jurisdiction,Step Back Rake,Step Back Location,mergedRakeNum1,mergedRakeNum2
267,304,NFD,02:35,DW UP,03:00,UP,25,yes,No StepBack,No StepBack,0,None
268,301,DSTO UP,02:35,DSTO,03:00,DN,25,yes,No StepBack,No StepBack,66,None
269,306,NECC 3RD,02:35,NECC,03:00,UP,25,yes,No StepBack,No StepBack,20,None
270,302,VASI UP,02:35,VASI,03:00,UP,25,yes,No StepBack,No StepBack,12,None
271,307,NFD,02:35,DW DN,03:00,DN,25,yes,No StepBack,No StepBack,59,None
272,308,NFD,02:45,DW UP,03:10,UP,25,yes,No StepBack,No StepBack,2,None
273,310,YBD,02:45,VASI,03:26,DN,41,yes,No StepBack,No StepBack,32,None
274,303,DSTO DN,02:50,DSTO,03:15,DN,25,yes,No StepBack,No StepBack,73,None
275,311,NESY,02:50,NECC,03:15,UP,25,yes,No StepBack,No StepBack,24,None
276,305,VASI DN,02:50,VASI,03:15,UP,25,yes,No StepBack,No StepBack,16,None
277,312,YBD,02:50,NECC,03:57,DN,67,yes,No StepBack,No StepBack,37,None
278,309,NFD,02:55,DW UP,03:20,UP,25,yes,No StepBack,No StepBack,4,None
283,306,NECC,03:00,YB UP,03:45,UP,45,yes,No StepBack,No StepBack,21,None
282,302,VASI,03:00,YB UP,03:19,UP,19,yes,No StepBack,No StepBack,13,None
281,307,DW DN,03:00,YB DN,04:05,DN,65,no,No StepBack,No StepBack,60,None
279,304,DW UP,03:00,DSTO,03:22,UP,22,yes,No StepBack,No StepBack,1,None
280,301,DSTO,03:00,DW DN,03:21,DN,21,yes,No StepBack,No StepBack,67,None
284,313,NFD,03:05,DW UP,03:30,UP,25,yes,No StepBack,No StepBack,6,None
285,314,YBD,03:10,VASI,03:49,DN,39,yes,No StepBack,No StepBack,41,None
286,308,DW UP,03:10,DSTO,03:29,UP,19,yes,No StepBack,No StepBack,3,None
287,311,NECC,03:15,YB UP,03:53,UP,38,yes,No StepBack,No StepBack,25,None
288,303,DSTO,03:15,DW DN,03:33,DN,18,yes,No StepBack,No StepBack,74,None
289,305,VASI,03:15,YB UP,03:31,UP,16,yes,No StepBack,No StepBack,17,None
290,302,YB UP,03:19,DW UP,04:23,UP,64,no,No StepBack,No StepBack,14,None
293,316,NESY,03:20,NECC,03:45,UP,25,yes,No StepBack,No StepBack,28,None
292,309,DW UP,03:20,DSTO,03:39,UP,19,yes,No StepBack,No StepBack,5,None
294,315,NFD,03:20,DW UP,03:45,UP,25,yes,No StepBack,No StepBack,8,None
291,317,YBD,03:20,NECC,04:21,DN,61,yes,No StepBack,No StepBack,46,None
295,301,DW DN,03:21,YB DN,04:18,DN,57,no,No StepBack,No StepBack,68,None
296,304,DSTO,03:25,DW DN,03:43,DN,18,yes,No StepBack,No StepBack,86,None
298,319,YBD,03:30,VASI,04:09,DN,39,yes,No StepBack,No StepBack,50,None
297,313,DW UP,03:30,DSTO,03:49,UP,19,yes,No StepBack,No StepBack,7,None
299,305,YB UP,03:31,DW UP,04:27,UP,56,no,No StepBack,No StepBack,18,None
300,303,DW DN,03:33,YB DN,04:29,DN,56,no,No StepBack,No StepBack,75,None
303,310,VASI,03:35,YB UP,03:51,UP,16,yes,No StepBack,No StepBack,34,None
301,308,DSTO,03:35,DW DN,03:53,DN,18,yes,No StepBack,No StepBack,93,None
302,318,NFD,03:35,DW UP,04:00,UP,25,yes,No StepBack,No StepBack,10,None
304,320,YBD,03:40,NECC,04:41,DN,61,yes,No StepBack,No StepBack,55,None
305,304,DW DN,03:43,YB DN,04:39,DN,56,no,No StepBack,No StepBack,87,None
306,316,NECC,03:45,YB UP,04:23,UP,38,yes,No StepBack,No StepBack,29,None
307,306,YB UP,03:45,DW UP,04:41,UP,56,no,No StepBack,No StepBack,22,None
308,315,DW UP,03:45,DSTO,04:04,UP,19,yes,No StepBack,No StepBack,9,None
309,309,DSTO,03:45,DW DN,04:03,DN,18,yes,No StepBack,No StepBack,101,None
310,310,YB UP,03:51,DW UP,04:47,UP,56,no,No StepBack,No StepBack,35,None
311,311,YB UP,03:53,DW UP,04:49,UP,56,no,No StepBack,No StepBack,26,None
312,308,DW DN,03:53,YB DN,04:49,DN,56,no,No StepBack,No StepBack,94,None
313,313,DSTO,03:55,DW DN,04:13,DN,18,yes,No StepBack,No StepBack,112,None
314,314,VASI,03:56,YB UP,04:12,UP,16,yes,No StepBack,No StepBack,43,None
315,321,NFD,03:58,DW DN,04:23,DN,25,yes,No StepBack,No StepBack,119,None
316,318,DW UP,04:00,DSTO,04:19,UP,19,yes,No StepBack,No StepBack,11,None
317,309,DW DN,04:03,YB DN,04:59,DN,56,no,No StepBack,No StepBack,102,None
318,312,NECC,04:04,YB UP,04:42,UP,38,yes,No StepBack,No StepBack,38,None
319,307,YB DN,04:05,VASI,04:22,DN,17,yes,No StepBack,No StepBack,61,None
320,315,DSTO,04:10,DW DN,04:28,DN,18,yes,No StepBack,No StepBack,126,None
321,314,YB UP,04:12,DW UP,05:08,UP,56,no,No StepBack,No StepBack,44,None
322,313,DW DN,04:13,YB DN,05:09,DN,56,no,No StepBack,No StepBack,113,None
323,319,VASI,04:16,YB UP,04:32,UP,16,yes,No StepBack,No StepBack,52,None
324,301,YB DN,04:18,NECC,04:57,DN,39,yes,No StepBack,No StepBack,69,None
325,316,YB UP,04:23,DW UP,05:19,UP,56,no,No StepBack,No StepBack,30,None
326,321,DW DN,04:23,YB DN,05:19,DN,56,no,No StepBack,No StepBack,120,None
327,302,DW UP,04:23,DSTO,04:42,UP,19,yes,No StepBack,No StepBack,15,None
328,317,NECC,04:24,YB UP,05:02,UP,38,yes,No StepBack,No StepBack,47,None
329,318,DSTO,04:25,DW DN,04:43,DN,18,yes,No StepBack,No StepBack,143,None
330,305,DW UP,04:27,DSTO,04:46,UP,19,yes,No StepBack,No StepBack,19,None
331,315,DW DN,04:28,YB DN,05:24,DN,56,no,No StepBack,No StepBack,127,None
332,303,YB DN,04:29,VASI,04:46,DN,17,yes,No StepBack,No StepBack,76,None
333,319,YB UP,04:32,DW UP,05:28,UP,56,no,No StepBack,No StepBack,53,None
334,307,VASI,04:36,YB UP,04:52,UP,16,yes,No StepBack,No StepBack,63,None
335,304,YB DN,04:39,NECC,05:18,DN,39,yes,No StepBack,No StepBack,88,None
336,306,DW UP,04:41,DSTO,05:00,UP,19,yes,No StepBack,No StepBack,23,None
337,312,YB UP,04:42,DW UP,05:38,UP,56,no,No StepBack,No StepBack,39,None
338,318,DW DN,04:43,YB DN,05:39,DN,56,no,No StepBack,No StepBack,144,None
339,320,NECC,04:44,YB UP,05:22,UP,38,yes,No StepBack,No StepBack,56,None
340,302,DSTO,04:45,DW DN,05:03,DN,18,yes,No StepBack,No StepBack,157,None
341,308,YB DN,04:49,VASI,05:06,DN,17,yes,No StepBack,No StepBack,95,None
342,311,DW UP,04:49,DSTO,05:08,UP,19,yes,No StepBack,No StepBack,27,None
343,307,YB UP,04:52,DW UP,05:48,UP,56,no,No StepBack,No StepBack,64,None
344,310,DW DN,04:53,YB DN,05:49,DN,56,no,No StepBack,No StepBack,150,None
345,322,NESY,04:54,NECC,05:19,UP,25,yes,No StepBack,No StepBack,81,None
346,305,DSTO,04:55,DW DN,05:13,DN,18,yes,No StepBack,No StepBack,164,None
347,303,VASI,04:56,YB UP,05:12,UP,16,yes,No StepBack,No StepBack,78,None
348,309,YB DN,04:59,NECC,05:38,DN,39,yes,No StepBack,No StepBack,103,None
349,317,YB UP,05:02,DW UP,05:58,UP,56,no,No StepBack,No StepBack,48,None
350,302,DW DN,05:03,YB DN,05:59,DN,56,no,No StepBack,No StepBack,158,None
351,301,NECC,05:04,YB UP,05:42,UP,38,yes,No StepBack,No StepBack,70,None
352,323,YBD,05:05,NECC,06:06,DN,61,yes,No StepBack,No StepBack,133,None
353,314,DW UP,05:08,DSTO,05:27,UP,19,yes,No StepBack,No StepBack,45,None
354,313,YB DN,05:09,VASI,05:26,DN,17,yes,No StepBack,No StepBack,114,None
355,306,DSTO,05:10,DW DN,05:28,DN,18,yes,No StepBack,No StepBack,187,None
356,324,YBD,05:12,VASI,05:51,DN,39,yes,No StepBack,No StepBack,137,None
357,303,YB UP,05:12,DW UP,06:08,UP,56,no,No StepBack,No StepBack,79,None
358,305,DW DN,05:13,YB DN,06:09,DN,56,no,No StepBack,No StepBack,165,None
359,308,VASI,05:14,YB UP,05:30,UP,16,yes,No StepBack,No StepBack,97,None
360,321,YB DN,05:19,NECC,05:58,DN,39,yes,No StepBack,No StepBack,121,None
361,322,NECC,05:19,YB UP,05:57,UP,38,yes,No StepBack,No StepBack,82,None
362,320,YB UP,05:22,DW UP,06:18,UP,56,no,No StepBack,No StepBack,57,None
363,325,NESY,05:22,NECC,05:47,UP,25,yes,No StepBack,No StepBack,107,None
364,316,DW DN,05:23,YB DN,06:19,DN,56,no,No StepBack,No StepBack,172,None
365,315,YB DN,05:24,VASI,05:41,DN,17,yes,No StepBack,No StepBack,128,None
366,304,NECC,05:25,YB UP,06:03,UP,38,yes,No StepBack,No StepBack,89,None
367,311,DSTO,05:25,DW DN,05:43,DN,18,yes,No StepBack,No StepBack,195,None
369,319,DW UP,05:28,DSTO,05:47,UP,19,yes,No StepBack,No StepBack,54,None
368,306,DW DN,05:28,YB DN,06:24,DN,56,no,No StepBack,No StepBack,188,None
370,308,YB UP,05:30,DW UP,06:26,UP,56,no,No StepBack,No StepBack,98,None
371,313,VASI,05:36,YB UP,05:52,UP,16,yes,No StepBack,No StepBack,116,None
372,312,DW UP,05:38,DSTO,05:57,UP,19,yes,No StepBack,No StepBack,40,None
373,318,YB DN,05:39,NECC,06:18,DN,39,yes,No StepBack,No StepBack,145,None
374,314,DSTO,05:40,DW DN,05:58,DN,18,yes,No StepBack,No StepBack,218,None
375,326,NFD,05:41,DW DN,06:06,DN,25,yes,No StepBack,No StepBack,224,None
376,301,YB UP,05:42,DW UP,06:38,UP,56,no,No StepBack,No StepBack,71,None
377,309,NECC,05:42,YB UP,06:20,UP,38,yes,No StepBack,No StepBack,104,None
378,311,DW DN,05:43,YB DN,06:39,DN,56,no,No StepBack,No StepBack,196,None
379,325,NECC,05:47,YB UP,06:25,UP,38,yes,No StepBack,No StepBack,108,None
380,310,YB DN,05:49,VASI,06:06,DN,17,yes,No StepBack,No StepBack,151,None
381,315,VASI,05:51,YB UP,06:07,UP,16,yes,No StepBack,No StepBack,130,None
382,313,YB UP,05:52,DW UP,06:48,UP,56,no,No StepBack,No StepBack,117,None
383,319,DSTO,05:52,DW DN,06:10,DN,18,yes,No StepBack,No StepBack,232,None
384,307,DW DN,05:53,YB DN,06:49,DN,56,no,No StepBack,No StepBack,202,None
385,324,VASI,05:56,YB UP,06:12,UP,16,yes,No StepBack,No StepBack,139,None
386,322,YB UP,05:57,DW UP,06:53,UP,56,no,No StepBack,No StepBack,83,None
389,317,DW UP,05:58,DSTO,06:17,UP,19,yes,No StepBack,No StepBack,49,None
387,314,DW DN,05:58,YB DN,06:54,DN,56,no,No StepBack,No StepBack,219,None
388,327,YBD,05:58,VASI,06:37,DN,39,yes,No StepBack,No StepBack,177,None
390,302,YB DN,05:59,NECC,06:38,DN,39,yes,No StepBack,No StepBack,159,None
391,312,DSTO,06:00,DW DN,06:18,DN,18,yes,No StepBack,No StepBack,239,None
392,328,NFD,06:02,DW DN,06:27,DN,25,yes,No StepBack,No StepBack,246,None
393,321,NECC,06:02,YB UP,06:40,UP,38,yes,No StepBack,No StepBack,122,None
394,304,YB UP,06:03,DW UP,06:59,UP,56,no,No StepBack,No StepBack,90,None
395,326,DW DN,06:06,YB DN,07:02,DN,56,no,No StepBack,No StepBack,225,None
397,330,NFD,06:07,DW DN,06:32,DN,25,yes,No StepBack,No StepBack,252,None
396,315,YB UP,06:07,DW UP,07:03,UP,56,no,No StepBack,No StepBack,131,None
398,303,DW UP,06:08,DSTO,06:27,UP,19,yes,No StepBack,No StepBack,80,None
399,305,YB DN,06:09,VASI,06:26,DN,17,yes,No StepBack,No StepBack,166,None
400,323,NECC,06:09,YB UP,06:47,UP,38,yes,No StepBack,No StepBack,134,None
401,319,DW DN,06:10,YB DN,07:06,DN,56,no,No StepBack,No StepBack,233,None
402,324,YB UP,06:12,DW UP,07:08,UP,56,no,No StepBack,No StepBack,140,None
403,310,VASI,06:16,YB UP,06:32,UP,16,yes,No StepBack,No StepBack,153,None
404,312,DW DN,06:18,YB DN,07:14,DN,56,no,No StepBack,No StepBack,240,None
405,320,DW UP,06:18,DSTO,06:37,UP,19,yes,No StepBack,No StepBack,58,None
406,316,YB DN,06:19,NECC,06:58,DN,39,yes,No StepBack,No StepBack,173,None
408,331,DSTO DN,06:20,DSTO,06:25,DN,5,yes,No StepBack,No StepBack,266,None
409,309,YB UP,06:20,DW UP,07:16,UP,56,no,No StepBack,No StepBack,105,None
407,317,DSTO,06:20,DW DN,06:38,DN,18,yes,No StepBack,No StepBack,260,None
410,306,YB DN,06:24,VASI,06:41,DN,17,yes,No StepBack,No StepBack,189,None
411,325,YB UP,06:25,DW UP,07:21,UP,56,no,No StepBack,No StepBack,109,None
412,331,DSTO,06:25,DW DN,06:43,DN,18,yes,No StepBack,No StepBack,267,None
413,318,NECC,06:26,YB UP,07:04,UP,38,yes,No StepBack,No StepBack,146,None
414,308,DW UP,06:26,DSTO,06:45,UP,19,yes,No StepBack,No StepBack,99,None
415,328,DW DN,06:27,YB DN,07:23,DN,56,no,No StepBack,No StepBack,247,None
188,332,YBD,06:30,YB UP,08:22,DN,112,yes,314,NECC,208,221
416,303,DSTO,06:30,DW DN,06:48,DN,18,yes,No StepBack,No StepBack,275,None
417,310,YB UP,06:32,DW UP,07:28,UP,56,no,No StepBack,No StepBack,154,None
418,330,DW DN,06:32,YB DN,07:28,DN,56,no,No StepBack,No StepBack,253,None
109,333,YBD,06:33,YB UP,07:42,DN,69,yes,326,VASI,212,228
419,305,VASI,06:36,YB UP,06:52,UP,16,yes,No StepBack,No StepBack,168,None
420,301,DW UP,06:38,DSTO,06:57,UP,19,yes,No StepBack,No StepBack,72,None
421,317,DW DN,06:38,YB DN,07:34,DN,56,no,No StepBack,No StepBack,261,None
189,311,YB DN,06:39,YB UP,08:11,DN,92,yes,332,NECC,197,209
422,321,YB UP,06:40,DW UP,07:36,UP,56,no,No StepBack,No StepBack,123,None
423,320,DSTO,06:41,DW DN,07:00,DN,19,yes,No StepBack,No StepBack,289,None
424,327,VASI,06:42,YB UP,06:58,UP,16,yes,No StepBack,No StepBack,179,None
425,302,NECC,06:42,YB UP,07:20,UP,38,yes,No StepBack,No StepBack,160,None
426,331,DW DN,06:43,YB DN,07:39,DN,56,no,No StepBack,No StepBack,268,None
427,329,NECC DN,06:46,NECC,07:11,UP,25,yes,No StepBack,No StepBack,182,None
428,323,YB UP,06:47,DW UP,07:43,UP,56,no,No StepBack,No StepBack,135,None
430,308,DSTO,06:48,DW DN,07:06,DN,18,yes,No StepBack,No StepBack,296,None
429,303,DW DN,06:48,YB DN,07:44,DN,56,no,No StepBack,No StepBack,276,None
431,307,YB DN,06:49,VASI,07:06,DN,17,yes,No StepBack,No StepBack,203,None
432,334,NFD,06:52,DW DN,07:17,DN,25,yes,No StepBack,No StepBack,309,None
433,305,YB UP,06:52,DW UP,07:48,UP,56,no,No StepBack,No StepBack,169,None
0,322,DW UP,06:53,DW DN,07:39,UP,46,yes,304,DSTO,84,338
434,313,DW DN,06:54,YB DN,07:51,DN,57,no,No StepBack,No StepBack,282,None
190,314,YB DN,06:54,YB UP,08:33,DN,99,yes,319,NECC,220,235
435,306,VASI,06:55,YB UP,07:11,UP,16,yes,No StepBack,No StepBack,191,None
436,327,YB UP,06:58,DW UP,07:54,UP,56,no,No StepBack,No StepBack,180,None
1,304,DW UP,06:59,DW DN,07:45,UP,46,yes,315,DSTO,91,346
437,320,DW DN,07:00,YB DN,07:56,DN,56,no,No StepBack,No StepBack,290,None
438,316,NECC,07:01,YB UP,07:39,UP,38,yes,No StepBack,No StepBack,174,None
110,326,YB DN,07:02,YB UP,07:54,DN,52,yes,312,VASI,226,243
439,335,NFD,07:03,DW DN,07:28,DN,25,yes,No StepBack,No StepBack,323,None
440,301,DSTO,07:03,DW DN,07:22,DN,19,yes,No StepBack,No StepBack,317,None
2,315,DW UP,07:03,DW DN,07:56,UP,53,yes,309,DSTO,132,360
441,318,YB UP,07:04,DW UP,08:00,UP,56,no,No StepBack,No StepBack,147,None
191,319,YB DN,07:06,YB UP,08:44,DN,98,yes,328,NECC,234,249
442,308,DW DN,07:06,YB DN,08:02,DN,56,no,No StepBack,No StepBack,297,None
443,307,VASI,07:10,YB UP,07:26,UP,16,yes,No StepBack,No StepBack,205,None
445,306,YB UP,07:11,DW UP,08:07,UP,56,no,No StepBack,No StepBack,192,None
446,329,NECC,07:11,YB UP,07:49,UP,38,yes,No StepBack,No StepBack,183,None
444,324,DW DN,07:11,YB DN,08:07,DN,56,no,No StepBack,No StepBack,304,None
111,312,YB DN,07:14,YB UP,08:05,DN,51,yes,330,VASI,241,256
448,322,DSTO,07:16,DW DN,07:34,DN,18,yes,No StepBack,No StepBack,331,None
447,333,VASI,07:16,YB UP,07:32,UP,16,yes,No StepBack,No StepBack,214,None
3,309,DW UP,07:16,DW DN,08:01,UP,45,yes,325,DSTO,106,367
449,334,DW DN,07:17,YB DN,08:13,DN,56,no,No StepBack,No StepBack,310,None
450,302,YB UP,07:20,DW UP,08:16,UP,56,no,No StepBack,No StepBack,161,None
4,325,DW UP,07:21,DW DN,08:13,UP,52,yes,310,DSTO,110,381
451,311,NECC,07:22,YB UP,08:00,UP,38,yes,No StepBack,No StepBack,198,None
452,301,DW DN,07:22,YB DN,08:18,DN,56,no,No StepBack,No StepBack,318,None
192,328,YB DN,07:23,YB UP,08:55,DN,92,yes,317,NECC,248,263
453,307,YB UP,07:26,DW UP,08:22,UP,56,no,No StepBack,No StepBack,206,None
454,335,DW DN,07:28,YB DN,08:24,DN,56,no,No StepBack,No StepBack,324,None
112,330,YB DN,07:28,YB UP,08:16,DN,48,yes,331,VASI,254,271
5,310,DW UP,07:28,DW DN,08:24,UP,56,yes,321,DSTO,155,395
455,333,YB UP,07:32,DW UP,08:28,UP,56,no,No StepBack,No StepBack,215,None
456,322,DW DN,07:34,YB DN,08:30,DN,56,no,No StepBack,No StepBack,332,None
193,317,YB DN,07:34,YB UP,09:06,DN,92,yes,303,NECC,262,278
6,321,DW UP,07:36,DW DN,08:29,UP,53,yes,323,DSTO,124,403
458,304,DW DN,07:39,YB DN,08:35,DN,56,no,No StepBack,No StepBack,339,None
457,316,YB UP,07:39,DW UP,08:35,UP,56,no,No StepBack,No StepBack,175,None
113,331,YB DN,07:39,YB UP,08:27,DN,48,yes,313,VASI,269,285
460,336,NFD,07:42,DW DN,08:07,DN,25,yes,No StepBack,No StepBack,374,None
459,326,YB UP,07:42,DW UP,08:38,UP,56,no,No StepBack,No StepBack,229,None
7,323,DW UP,07:43,DW DN,08:35,UP,52,yes,327,DSTO,136,410
194,303,YB DN,07:44,YB UP,09:17,DN,93,yes,320,NECC,277,292
461,315,DW DN,07:45,YB DN,08:41,DN,56,no,No StepBack,No StepBack,347,None
462,329,YB UP,07:49,DW UP,08:45,UP,56,no,No StepBack,No StepBack,184,None
463,305,DW DN,07:50,YB DN,08:46,DN,56,no,No StepBack,No StepBack,353,None
114,313,YB DN,07:51,YB UP,08:38,DN,47,yes,308,VASI,283,300
464,312,YB UP,07:54,DW UP,08:50,UP,56,no,No StepBack,No StepBack,244,None
8,327,DW UP,07:54,DW DN,08:44,UP,50,yes,318,DSTO,181,424
195,320,YB DN,07:56,YB UP,09:29,DN,93,yes,324,NECC,291,306
465,309,DW DN,07:56,YB DN,08:52,DN,56,no,No StepBack,No StepBack,361,None
466,311,YB UP,08:00,DW UP,08:56,UP,56,no,No StepBack,No StepBack,199,None
9,318,DW UP,08:00,DW DN,08:52,UP,52,yes,306,DSTO,148,432
467,325,DW DN,08:01,YB DN,08:58,DN,57,no,No StepBack,No StepBack,368,None
115,308,YB DN,08:02,YB UP,08:49,DN,47,yes,334,VASI,298,313
468,330,YB UP,08:05,DW UP,09:01,UP,56,no,No StepBack,No StepBack,257,None
469,336,DW DN,08:07,YB DN,09:03,DN,56,no,No StepBack,No StepBack,375,None
10,306,DW UP,08:07,DW DN,09:03,UP,56,yes,307,DSTO,193,446
196,324,YB DN,08:07,YB UP,09:40,DN,93,yes,301,NECC,305,320
470,332,YB UP,08:11,DW UP,09:07,UP,56,no,No StepBack,No StepBack,210,None
116,334,YB DN,08:13,YB UP,09:01,DN,48,yes,335,VASI,311,327
471,310,DW DN,08:13,YB DN,09:09,DN,56,no,No StepBack,No StepBack,382,None
472,331,YB UP,08:16,DW UP,09:12,UP,56,no,No StepBack,No StepBack,272,None
197,301,YB DN,08:18,YB UP,09:51,DN,93,yes,322,NECC,319,334
473,302,DW DN,08:18,YB DN,09:14,DN,56,no,No StepBack,No StepBack,389,None
11,307,DW UP,08:22,DW DN,09:08,UP,46,yes,333,DSTO,207,453
474,314,YB UP,08:22,DW UP,09:18,UP,56,no,No StepBack,No StepBack,222,None
117,335,YB DN,08:24,YB UP,09:12,DN,48,yes,304,VASI,325,342
475,321,DW DN,08:24,YB DN,09:20,DN,56,no,No StepBack,No StepBack,396,None
476,313,YB UP,08:27,DW UP,09:23,UP,56,no,No StepBack,No StepBack,286,None
12,333,DW UP,08:28,DW DN,09:20,UP,52,yes,316,DSTO,216,467
477,323,DW DN,08:29,YB DN,09:25,DN,56,no,No StepBack,No StepBack,404,None
198,322,YB DN,08:30,YB UP,10:02,DN,92,yes,315,NECC,333,349
478,319,YB UP,08:33,DW UP,09:29,UP,56,no,No StepBack,No StepBack,236,None
13,316,DW UP,08:35,DW DN,09:25,UP,50,yes,329,DSTO,176,475
118,304,YB DN,08:35,YB UP,09:26,DN,51,yes,305,VASI,340,356
479,327,DW DN,08:35,YB DN,09:31,DN,56,no,No StepBack,No StepBack,411,None
480,308,YB UP,08:38,DW UP,09:34,UP,56,no,No StepBack,No StepBack,301,None
199,315,YB DN,08:41,YB UP,10:13,DN,92,yes,309,NECC,348,363
481,326,DW DN,08:41,YB DN,09:37,DN,56,no,No StepBack,No StepBack,418,None
483,318,DW DN,08:44,YB DN,09:40,DN,56,no,No StepBack,No StepBack,425,None
482,328,YB UP,08:44,DW UP,09:40,UP,56,no,No StepBack,No StepBack,250,None
14,329,DW UP,08:45,DW DN,09:36,UP,51,yes,312,DSTO,185,489
119,305,YB DN,08:46,YB UP,09:34,DN,48,yes,325,VASI,354,371
484,334,YB UP,08:49,DW UP,09:45,UP,56,no,No StepBack,No StepBack,314,None
15,312,DW UP,08:50,DW DN,09:42,UP,52,yes,330,DSTO,245,496
485,306,DW DN,08:52,YB DN,09:48,DN,56,no,No StepBack,No StepBack,433,None
200,309,YB DN,08:52,YB UP,10:24,DN,92,yes,336,NECC,362,377
486,317,YB UP,08:55,DW UP,09:51,UP,56,no,No StepBack,No StepBack,264,None
487,311,DW DN,08:58,YB DN,09:54,DN,56,no,No StepBack,No StepBack,439,None
120,325,YB DN,08:58,YB UP,09:45,DN,47,yes,310,VASI,369,385
16,330,DW UP,09:01,DW DN,09:53,UP,52,yes,332,DSTO,258,510
488,335,YB UP,09:01,DW UP,09:57,UP,56,no,No StepBack,No StepBack,328,None
489,307,DW DN,09:03,YB DN,09:59,DN,56,no,No StepBack,No StepBack,447,None
201,336,YB DN,09:03,YB UP,10:36,DN,93,yes,302,NECC,376,391
490,303,YB UP,09:06,DW UP,10:02,UP,56,no,No StepBack,No StepBack,279,None
17,332,DW UP,09:07,DW DN,09:59,UP,52,yes,314,DSTO,211,518
491,333,DW DN,09:08,YB DN,10:05,DN,57,no,No StepBack,No StepBack,454,None
121,310,YB DN,09:09,YB UP,09:56,DN,47,yes,321,VASI,383,399
492,304,YB UP,09:12,DW UP,10:08,UP,56,no,No StepBack,No StepBack,343,None
493,331,DW DN,09:14,YB DN,10:10,DN,56,no,No StepBack,No StepBack,461,None
202,302,YB DN,09:14,YB UP,10:47,DN,93,yes,323,NECC,390,406
494,320,YB UP,09:17,DW UP,10:13,UP,56,no,No StepBack,No StepBack,293,None
18,314,DW UP,09:18,DW DN,10:10,UP,52,yes,313,DSTO,223,532
495,316,DW DN,09:20,YB DN,10:16,DN,56,no,No StepBack,No StepBack,468,None
122,321,YB DN,09:20,YB UP,10:08,DN,48,yes,327,VASI,397,414
19,313,DW UP,09:23,DW DN,10:15,UP,52,yes,308,DSTO,287,539
496,329,DW DN,09:25,YB DN,10:21,DN,56,no,No StepBack,No StepBack,476,None
203,323,YB DN,09:25,YB UP,10:58,DN,93,yes,326,NECC,405,420
497,305,YB UP,09:26,DW UP,10:22,UP,56,no,No StepBack,No StepBack,357,None
498,324,YB UP,09:29,DW UP,10:25,UP,56,no,No StepBack,No StepBack,307,None
499,319,DW DN,09:31,YB DN,10:27,DN,56,no,No StepBack,No StepBack,482,None
123,327,YB DN,09:31,YB UP,10:19,DN,48,yes,318,VASI,412,428
500,325,YB UP,09:34,DW UP,10:30,UP,56,no,No StepBack,No StepBack,372,None
20,308,DW UP,09:34,DW DN,10:21,UP,47,yes,328,DSTO,302,547
501,312,DW DN,09:36,YB DN,10:32,DN,56,no,No StepBack,No StepBack,490,None
204,326,YB DN,09:37,YB UP,11:09,DN,92,yes,306,NECC,419,435
502,301,YB UP,09:40,DW UP,10:36,UP,56,no,No StepBack,No StepBack,321,None
124,318,YB DN,09:40,YB UP,10:30,DN,50,yes,311,VASI,426,442
21,328,DW UP,09:40,DW DN,10:32,UP,52,yes,317,DSTO,251,561
503,330,DW DN,09:42,YB DN,10:38,DN,56,no,No StepBack,No StepBack,497,None
504,310,YB UP,09:45,DW UP,10:41,UP,56,no,No StepBack,No StepBack,386,None
505,334,DW DN,09:48,YB DN,10:44,DN,56,no,No StepBack,No StepBack,504,None
205,306,YB DN,09:48,YB UP,11:20,DN,92,yes,307,NECC,434,449
22,317,DW UP,09:51,DW DN,10:43,UP,52,yes,335,DSTO,265,575
506,322,YB UP,09:51,DW UP,10:47,UP,56,no,No StepBack,No StepBack,335,None
507,332,DW DN,09:53,YB DN,10:49,DN,56,no,No StepBack,No StepBack,511,None
125,311,YB DN,09:54,YB UP,10:41,DN,47,yes,333,VASI,440,457
508,321,YB UP,09:56,DW UP,10:52,UP,56,no,No StepBack,No StepBack,400,None
23,335,DW UP,09:57,DW DN,10:49,UP,52,yes,304,DSTO,329,582
509,314,DW DN,09:59,YB DN,10:55,DN,56,no,No StepBack,No StepBack,519,None
206,307,YB DN,09:59,YB UP,11:31,DN,92,yes,331,NECC,448,463
510,315,YB UP,10:02,DW UP,10:58,UP,56,no,No StepBack,No StepBack,350,None
511,303,DW DN,10:04,YB DN,11:00,DN,56,no,No StepBack,No StepBack,525,None
126,333,YB DN,10:05,YB UP,10:52,DN,47,yes,316,VASI,455,471
512,327,YB UP,10:08,DW UP,11:04,UP,56,no,No StepBack,No StepBack,415,None
24,304,DW UP,10:08,DW DN,11:00,UP,52,yes,320,DSTO,344,596
207,331,YB DN,10:10,YB UP,11:43,DN,93,yes,329,NECC,462,478
513,313,DW DN,10:10,YB DN,11:06,DN,56,no,No StepBack,No StepBack,533,None
514,309,YB UP,10:13,DW UP,11:09,UP,56,no,No StepBack,No StepBack,364,None
25,320,DW UP,10:13,DW DN,11:06,UP,53,yes,324,DSTO,294,604
515,308,DW DN,10:15,YB DN,11:12,DN,57,no,No StepBack,No StepBack,540,None
127,316,YB DN,10:16,YB UP,11:03,DN,47,yes,319,VASI,469,485
516,318,YB UP,10:19,DW UP,11:15,UP,56,no,No StepBack,No StepBack,429,None
517,328,DW DN,10:21,YB DN,11:17,DN,56,no,No StepBack,No StepBack,548,None
208,329,YB DN,10:21,YB UP,11:54,DN,93,yes,312,NECC,477,492
518,336,YB UP,10:24,DW UP,11:20,UP,56,no,No StepBack,No StepBack,378,None
26,324,DW UP,10:25,DW DN,11:17,UP,52,yes,325,DSTO,308,618
128,319,YB DN,10:27,YB UP,11:15,DN,48,yes,330,VASI,483,500
519,305,DW DN,10:27,YB DN,11:23,DN,56,no,No StepBack,No StepBack,554,None
27,325,DW UP,10:30,DW DN,11:22,UP,52,yes,310,DSTO,373,625
520,311,YB UP,10:30,DW UP,11:26,UP,56,no,No StepBack,No StepBack,443,None
209,312,YB DN,10:32,YB UP,12:05,DN,93,yes,334,NECC,491,506
521,317,DW DN,10:32,YB DN,11:28,DN,56,no,No StepBack,No StepBack,562,None
522,302,YB UP,10:36,DW UP,11:32,UP,56,no,No StepBack,No StepBack,392,None
129,330,YB DN,10:38,YB UP,11:26,DN,48,yes,332,VASI,498,514
523,301,DW DN,10:38,YB DN,11:34,DN,56,no,No StepBack,No StepBack,568,None
28,310,DW UP,10:41,DW DN,11:34,UP,53,yes,322,DSTO,387,639
524,333,YB UP,10:41,DW UP,11:37,UP,56,no,No StepBack,No StepBack,458,None
525,335,DW DN,10:43,YB DN,11:39,DN,56,no,No StepBack,No StepBack,576,None
210,334,YB DN,10:44,YB UP,12:16,DN,92,yes,314,NECC,505,521
526,323,YB UP,10:47,DW UP,11:43,UP,56,no,No StepBack,No StepBack,407,None
29,322,DW UP,10:47,DW DN,11:39,UP,52,yes,315,DSTO,336,647
130,332,YB DN,10:49,YB UP,11:37,DN,48,yes,303,VASI,512,528
527,304,DW DN,10:49,YB DN,11:45,DN,56,no,No StepBack,No StepBack,583,None
528,316,YB UP,10:52,DW UP,11:48,UP,56,no,No StepBack,No StepBack,472,None
211,314,YB DN,10:55,YB UP,12:27,DN,92,yes,313,NECC,520,535
529,321,DW DN,10:55,YB DN,11:51,DN,56,no,No StepBack,No StepBack,590,None
530,326,YB UP,10:58,DW UP,11:54,UP,56,no,No StepBack,No StepBack,421,None
30,315,DW UP,10:58,DW DN,11:50,UP,52,yes,327,DSTO,351,661
131,303,YB DN,11:00,YB UP,11:48,DN,48,yes,308,VASI,526,543
531,320,DW DN,11:00,YB DN,11:56,DN,56,no,No StepBack,No StepBack,597,None
532,319,YB UP,11:03,DW UP,11:59,UP,56,no,No StepBack,No StepBack,486,None
31,327,DW UP,11:04,DW DN,11:56,UP,52,yes,318,DSTO,416,668
533,324,DW DN,11:06,YB DN,12:02,DN,56,no,No StepBack,No StepBack,605,None
212,313,YB DN,11:06,YB UP,12:38,DN,92,yes,328,NECC,534,550
534,306,YB UP,11:09,DW UP,12:05,UP,56,no,No StepBack,No StepBack,436,None
535,309,DW DN,11:11,YB DN,12:07,DN,56,no,No StepBack,No StepBack,611,None
132,308,YB DN,11:12,YB UP,11:59,DN,47,yes,305,VASI,541,557
32,318,DW UP,11:15,DW DN,12:07,UP,52,yes,336,DSTO,430,682
536,330,YB UP,11:15,DW UP,12:11,UP,56,no,No StepBack,No StepBack,501,None
213,328,YB DN,11:17,YB UP,12:50,DN,93,yes,317,NECC,549,564
537,325,DW DN,11:17,YB DN,12:13,DN,56,no,No StepBack,No StepBack,619,None
33,336,DW UP,11:20,DW DN,12:13,UP,53,yes,302,DSTO,379,690
538,307,YB UP,11:20,DW UP,12:16,UP,56,no,No StepBack,No StepBack,450,None
539,310,DW DN,11:22,YB DN,12:19,DN,57,no,No StepBack,No StepBack,626,None
133,305,YB DN,11:23,YB UP,12:10,DN,47,yes,301,VASI,555,571
540,332,YB UP,11:26,DW UP,12:22,UP,56,no,No StepBack,No StepBack,515,None
541,311,DW DN,11:28,YB DN,12:24,DN,56,no,No StepBack,No StepBack,633,None
214,317,YB DN,11:28,YB UP,13:01,DN,93,yes,335,NECC,563,578
542,331,YB UP,11:31,DW UP,12:27,UP,56,no,No StepBack,No StepBack,464,None
34,302,DW UP,11:32,DW DN,12:24,UP,52,yes,333,DSTO,393,704
134,301,YB DN,11:34,YB UP,12:22,DN,48,yes,304,VASI,569,586
543,322,DW DN,11:34,YB DN,12:30,DN,56,no,No StepBack,No StepBack,640,None
35,333,DW UP,11:37,DW DN,12:29,UP,52,yes,316,DSTO,459,711
544,303,YB UP,11:37,DW UP,12:33,UP,56,no,No StepBack,No StepBack,529,None
545,315,DW DN,11:39,YB DN,12:35,DN,56,no,No StepBack,No StepBack,648,None
215,335,YB DN,11:39,YB UP,13:12,DN,93,yes,321,NECC,577,592
546,329,YB UP,11:43,DW UP,12:39,UP,56,no,No StepBack,No StepBack,479,None
547,323,DW DN,11:45,YB DN,12:41,DN,56,no,No StepBack,No StepBack,654,None
135,304,YB DN,11:45,YB UP,12:33,DN,48,yes,320,VASI,584,600
548,308,YB UP,11:48,DW UP,12:44,UP,56,no,No StepBack,No StepBack,544,None
36,316,DW UP,11:48,DW DN,12:41,UP,53,yes,326,DSTO,473,725
549,327,DW DN,11:50,YB DN,12:46,DN,56,no,No StepBack,No StepBack,662,None
216,321,YB DN,11:51,YB UP,13:23,DN,92,yes,324,NECC,591,607
550,312,YB UP,11:54,DW UP,12:50,UP,56,no,No StepBack,No StepBack,493,None
37,326,DW UP,11:54,DW DN,12:46,UP,52,yes,306,DSTO,422,733
551,318,DW DN,11:56,YB DN,12:52,DN,56,no,No StepBack,No StepBack,669,None
136,320,YB DN,11:56,YB UP,12:44,DN,48,yes,309,VASI,598,614
552,305,YB UP,11:59,DW UP,12:55,UP,56,no,No StepBack,No StepBack,558,None
217,324,YB DN,12:02,YB UP,13:34,DN,92,yes,325,NECC,606,621
553,319,DW DN,12:02,YB DN,12:58,DN,56,no,No StepBack,No StepBack,676,None
38,306,DW UP,12:05,DW DN,12:57,UP,52,yes,330,DSTO,437,747
554,334,YB UP,12:05,DW UP,13:01,UP,56,no,No StepBack,No StepBack,507,None
555,336,DW DN,12:07,YB DN,13:03,DN,56,no,No StepBack,No StepBack,683,None
137,309,YB DN,12:07,YB UP,12:55,DN,48,yes,310,VASI,612,629
556,301,YB UP,12:10,DW UP,13:06,UP,56,no,No StepBack,No StepBack,572,None
39,330,DW UP,12:11,DW DN,13:03,UP,52,yes,332,DSTO,502,754
218,325,YB DN,12:13,YB UP,13:45,DN,92,yes,311,NECC,620,635
557,302,DW DN,12:13,YB DN,13:09,DN,56,no,No StepBack,No StepBack,691,None
558,314,YB UP,12:16,DW UP,13:12,UP,56,no,No StepBack,No StepBack,522,None
559,307,DW DN,12:18,YB DN,13:14,DN,56,no,No StepBack,No StepBack,697,None
138,310,YB DN,12:19,YB UP,13:06,DN,47,yes,322,VASI,627,643
560,304,YB UP,12:22,DW UP,13:18,UP,56,no,No StepBack,No StepBack,587,None
40,332,DW UP,12:22,DW DN,13:14,UP,52,yes,331,DSTO,516,768
561,333,DW DN,12:24,YB DN,13:20,DN,56,no,No StepBack,No StepBack,705,None
219,311,YB DN,12:24,YB UP,13:57,DN,93,yes,315,NECC,634,650
562,313,YB UP,12:27,DW UP,13:23,UP,56,no,No StepBack,No StepBack,536,None
41,331,DW UP,12:27,DW DN,13:20,UP,53,yes,329,DSTO,465,776
563,316,DW DN,12:29,YB DN,13:26,DN,57,no,No StepBack,No StepBack,712,None
139,322,YB DN,12:30,YB UP,13:17,DN,47,yes,323,VASI,641,657
564,320,YB UP,12:33,DW UP,13:29,UP,56,no,No StepBack,No StepBack,601,None
220,315,YB DN,12:35,YB UP,14:08,DN,93,yes,327,NECC,649,664
565,303,DW DN,12:35,YB DN,13:31,DN,56,no,No StepBack,No StepBack,719,None
566,328,YB UP,12:38,DW UP,13:34,UP,56,no,No StepBack,No StepBack,551,None
42,329,DW UP,12:39,DW DN,13:31,UP,52,yes,308,DSTO,480,790
140,323,YB DN,12:41,YB UP,13:29,DN,48,yes,318,VASI,655,672
567,326,DW DN,12:41,YB DN,13:37,DN,56,no,No StepBack,No StepBack,726,None
43,308,DW UP,12:44,DW DN,13:36,UP,52,yes,305,DSTO,545,797
568,309,YB UP,12:44,DW UP,13:40,UP,56,no,No StepBack,No StepBack,615,None
569,306,DW DN,12:46,YB DN,13:42,DN,56,no,No StepBack,No StepBack,734,None
221,327,YB DN,12:46,YB UP,14:19,DN,93,yes,319,NECC,663,678
570,317,YB UP,12:50,DW UP,13:46,UP,56,no,No StepBack,No StepBack,565,None
571,312,DW DN,12:52,YB DN,13:48,DN,56,no,No StepBack,No StepBack,740,None
141,318,YB DN,12:52,YB UP,13:40,DN,48,yes,336,VASI,670,686
44,305,DW UP,12:55,DW DN,13:48,UP,53,yes,334,DSTO,559,811
572,310,YB UP,12:55,DW UP,13:51,UP,56,no,No StepBack,No StepBack,630,None
573,330,DW DN,12:57,YB DN,13:53,DN,56,no,No StepBack,No StepBack,748,None
222,319,YB DN,12:58,YB UP,14:30,DN,92,yes,302,NECC,677,693
574,335,YB UP,13:01,DW UP,13:57,UP,56,no,No StepBack,No StepBack,579,None
45,334,DW UP,13:01,DW DN,13:53,UP,52,yes,314,DSTO,508,819
575,332,DW DN,13:03,YB DN,13:59,DN,56,no,No StepBack,No StepBack,755,None
142,336,YB DN,13:03,YB UP,13:51,DN,48,yes,307,VASI,684,700
576,322,YB UP,13:06,DW UP,14:02,UP,56,no,No StepBack,No StepBack,644,None
223,302,YB DN,13:09,YB UP,14:41,DN,92,yes,333,NECC,692,707
577,301,DW DN,13:09,YB DN,14:05,DN,56,no,No StepBack,No StepBack,762,None
578,321,YB UP,13:12,DW UP,14:08,UP,56,no,No StepBack,No StepBack,593,None
46,314,DW UP,13:12,DW DN,14:04,UP,52,yes,304,DSTO,523,833
579,331,DW DN,13:14,YB DN,14:10,DN,56,no,No StepBack,No StepBack,769,None
143,307,YB DN,13:14,YB UP,14:02,DN,48,yes,316,VASI,698,715
580,323,YB UP,13:17,DW UP,14:13,UP,56,no,No StepBack,No StepBack,658,None
47,304,DW UP,13:18,DW DN,14:10,UP,52,yes,320,DSTO,588,840
581,329,DW DN,13:20,YB DN,14:16,DN,56,no,No StepBack,No StepBack,777,None
224,333,YB DN,13:20,YB UP,14:52,DN,92,yes,303,NECC,706,721
582,324,YB UP,13:23,DW UP,14:19,UP,56,no,No StepBack,No StepBack,608,None
583,313,DW DN,13:25,YB DN,14:21,DN,56,no,No StepBack,No StepBack,783,None
144,316,YB DN,13:26,YB UP,14:13,DN,47,yes,326,VASI,713,729
48,320,DW UP,13:29,DW DN,14:21,UP,52,yes,328,DSTO,602,854
584,318,YB UP,13:29,DW UP,14:25,UP,56,no,No StepBack,No StepBack,673,None
225,303,YB DN,13:31,YB UP,15:04,DN,93,yes,306,NECC,720,736
585,308,DW DN,13:31,YB DN,14:27,DN,56,no,No StepBack,No StepBack,791,None
586,325,YB UP,13:34,DW UP,14:30,UP,56,no,No StepBack,No StepBack,622,None
49,328,DW UP,13:34,DW DN,14:27,UP,53,yes,317,DSTO,552,862
587,305,DW DN,13:36,YB DN,14:33,DN,57,no,No StepBack,No StepBack,798,None
145,326,YB DN,13:37,YB UP,14:24,DN,47,yes,312,VASI,727,743
588,336,YB UP,13:40,DW UP,14:36,UP,56,no,No StepBack,No StepBack,687,None
589,309,DW DN,13:42,YB DN,14:38,DN,56,no,No StepBack,No StepBack,805,None
226,306,YB DN,13:42,YB UP,15:15,DN,93,yes,330,NECC,735,750
590,311,YB UP,13:45,DW UP,14:41,UP,56,no,No StepBack,No StepBack,636,None
50,317,DW UP,13:46,DW DN,14:38,UP,52,yes,310,DSTO,566,876
591,334,DW DN,13:48,YB DN,14:44,DN,56,no,No StepBack,No StepBack,812,None
146,312,YB DN,13:48,YB UP,14:36,DN,48,yes,332,VASI,741,758
51,310,DW UP,13:51,DW DN,14:43,UP,52,yes,322,DSTO,631,883
592,307,YB UP,13:51,DW UP,14:47,UP,56,no,No StepBack,No StepBack,701,None
593,314,DW DN,13:53,YB DN,14:49,DN,56,no,No StepBack,No StepBack,820,None
227,330,YB DN,13:53,YB UP,15:26,DN,93,yes,301,NECC,749,764
594,315,YB UP,13:57,DW UP,14:53,UP,56,no,No StepBack,No StepBack,651,None
595,335,DW DN,13:59,YB DN,14:55,DN,56,no,No StepBack,No StepBack,826,None
147,332,YB DN,13:59,YB UP,14:47,DN,48,yes,331,VASI,756,772
596,316,YB UP,14:02,DW UP,14:58,UP,56,no,No StepBack,No StepBack,716,None
52,322,DW UP,14:02,DW DN,14:55,UP,53,yes,321,DSTO,645,897
597,304,DW DN,14:04,YB DN,15:00,DN,56,no,No StepBack,No StepBack,834,None
228,301,YB DN,14:05,YB UP,15:37,DN,92,yes,329,NECC,763,779
53,321,DW UP,14:08,DW DN,15:00,UP,52,yes,324,DSTO,594,905
598,327,YB UP,14:08,DW UP,15:04,UP,56,no,No StepBack,No StepBack,665,None
599,320,DW DN,14:10,YB DN,15:06,DN,56,no,No StepBack,No StepBack,841,None
148,331,YB DN,14:10,YB UP,14:58,DN,48,yes,313,VASI,770,786
600,326,YB UP,14:13,DW UP,15:09,UP,56,no,No StepBack,No StepBack,730,None
229,329,YB DN,14:16,YB UP,15:48,DN,92,yes,308,NECC,778,793
601,323,DW DN,14:16,YB DN,15:12,DN,56,no,No StepBack,No StepBack,848,None
54,324,DW UP,14:19,DW DN,15:11,UP,52,yes,318,DSTO,609,919
602,319,YB UP,14:19,DW UP,15:15,UP,56,no,No StepBack,No StepBack,679,None
149,313,YB DN,14:21,YB UP,15:09,DN,48,yes,305,VASI,784,801
603,328,DW DN,14:21,YB DN,15:17,DN,56,no,No StepBack,No StepBack,855,None
604,312,YB UP,14:24,DW UP,15:20,UP,56,no,No StepBack,No StepBack,744,None
55,318,DW UP,14:25,DW DN,15:17,UP,52,yes,336,DSTO,674,926
605,317,DW DN,14:27,YB DN,15:23,DN,56,no,No StepBack,No StepBack,863,None
230,308,YB DN,14:27,YB UP,15:59,DN,92,yes,309,NECC,792,807
606,302,YB UP,14:30,DW UP,15:26,UP,56,no,No StepBack,No StepBack,694,None
607,325,DW DN,14:32,YB DN,15:28,DN,56,no,No StepBack,No StepBack,869,None
150,305,YB DN,14:33,YB UP,15:20,DN,47,yes,334,VASI,799,815
608,332,YB UP,14:36,DW UP,15:32,UP,56,no,No StepBack,No StepBack,759,None
56,336,DW UP,14:36,DW DN,15:28,UP,52,yes,311,DSTO,688,940
231,309,YB DN,14:38,YB UP,16:11,DN,93,yes,314,NECC,806,822
609,310,DW DN,14:38,YB DN,15:34,DN,56,no,No StepBack,No StepBack,877,None
610,333,YB UP,14:41,DW UP,15:37,UP,56,no,No StepBack,No StepBack,708,None
57,311,DW UP,14:41,DW DN,15:34,UP,53,yes,315,DSTO,637,948
611,322,DW DN,14:43,YB DN,15:40,DN,57,no,No StepBack,No StepBack,884,None
151,334,YB DN,14:44,YB UP,15:31,DN,47,yes,335,VASI,813,829
612,331,YB UP,14:47,DW UP,15:43,UP,56,no,No StepBack,No StepBack,773,None
613,307,DW DN,14:49,YB DN,15:45,DN,56,no,No StepBack,No StepBack,891,None
232,314,YB DN,14:49,YB UP,16:22,DN,93,yes,304,NECC,821,836
614,303,YB UP,14:52,DW UP,15:48,UP,56,no,No StepBack,No StepBack,722,None
58,315,DW UP,14:53,DW DN,15:45,UP,52,yes,316,DSTO,652,962
152,335,YB DN,14:55,YB UP,15:43,DN,48,yes,320,VASI,827,844
615,321,DW DN,14:55,YB DN,15:51,DN,56,no,No StepBack,No StepBack,898,None
616,313,YB UP,14:58,DW UP,15:54,UP,56,no,No StepBack,No StepBack,787,None
59,316,DW UP,14:58,DW DN,15:50,UP,52,yes,326,DSTO,717,969
617,324,DW DN,15:00,YB DN,15:56,DN,56,no,No StepBack,No StepBack,906,None
233,304,YB DN,15:00,YB UP,16:33,DN,93,yes,323,NECC,835,850
618,306,YB UP,15:04,DW UP,16:00,UP,56,no,No StepBack,No StepBack,737,None
619,327,DW DN,15:06,YB DN,16:02,DN,56,no,No StepBack,No StepBack,912,None
153,320,YB DN,15:06,YB UP,15:54,DN,48,yes,328,VASI,842,858
620,305,YB UP,15:09,DW UP,16:05,UP,56,no,No StepBack,No StepBack,802,None
60,326,DW UP,15:09,DW DN,16:02,UP,53,yes,319,DSTO,731,983
621,318,DW DN,15:11,YB DN,16:07,DN,56,no,No StepBack,No StepBack,920,None
234,323,YB DN,15:12,YB UP,16:44,DN,92,yes,317,NECC,849,865
61,319,DW UP,15:15,DW DN,16:07,UP,52,yes,302,DSTO,680,991
622,330,YB UP,15:15,DW UP,16:11,UP,56,no,No StepBack,No StepBack,751,None
154,328,YB DN,15:17,YB UP,16:05,DN,48,yes,325,VASI,856,872
623,336,DW DN,15:17,YB DN,16:13,DN,56,no,No StepBack,No StepBack,927,None
624,334,YB UP,15:20,DW UP,16:16,UP,56,no,No StepBack,No StepBack,816,None
235,317,YB DN,15:23,YB UP,16:55,DN,92,yes,310,NECC,864,879
625,312,DW DN,15:23,YB DN,16:19,DN,56,no,No StepBack,No StepBack,934,None
626,301,YB UP,15:26,DW UP,16:22,UP,56,no,No StepBack,No StepBack,765,None
62,302,DW UP,15:26,DW DN,16:18,UP,52,yes,332,DSTO,695,1005
155,325,YB DN,15:28,YB UP,16:16,DN,48,yes,322,VASI,870,887
627,311,DW DN,15:28,YB DN,16:24,DN,56,no,No StepBack,No StepBack,941,None
628,335,YB UP,15:31,DW UP,16:27,UP,56,no,No StepBack,No StepBack,830,None
63,332,DW UP,15:32,DW DN,16:24,UP,52,yes,331,DSTO,760,1012
236,310,YB DN,15:34,YB UP,17:06,DN,92,yes,307,NECC,878,893
629,315,DW DN,15:34,YB DN,16:30,DN,56,no,No StepBack,No StepBack,949,None
630,329,YB UP,15:37,DW UP,16:33,UP,56,no,No StepBack,No StepBack,780,None
631,333,DW DN,15:39,YB DN,16:35,DN,56,no,No StepBack,No StepBack,955,None
156,322,YB DN,15:40,YB UP,16:27,DN,47,yes,321,VASI,885,901
632,320,YB UP,15:43,DW UP,16:39,UP,56,no,No StepBack,No StepBack,845,None
64,331,DW UP,15:43,DW DN,16:35,UP,52,yes,303,DSTO,774,1026
237,307,YB DN,15:45,YB UP,17:18,DN,93,yes,324,NECC,892,908
633,316,DW DN,15:45,YB DN,16:41,DN,56,no,No StepBack,No StepBack,963,None
634,308,YB UP,15:48,DW UP,16:44,UP,56,no,No StepBack,No StepBack,794,None
65,303,DW UP,15:48,DW DN,16:41,UP,53,yes,306,DSTO,723,1034
635,326,DW DN,15:50,YB DN,16:47,DN,57,no,No StepBack,No StepBack,970,None
157,321,YB DN,15:51,YB UP,16:38,DN,47,yes,327,VASI,899,915
636,328,YB UP,15:54,DW UP,16:50,UP,56,no,No StepBack,No StepBack,859,None
637,313,DW DN,15:56,YB DN,16:52,DN,56,no,No StepBack,No StepBack,977,None
238,324,YB DN,15:56,YB UP,17:30,DN,94,yes,318,NECC,907,922
638,309,YB UP,15:59,DW UP,16:55,UP,56,no,No StepBack,No StepBack,808,None
66,306,DW UP,16:00,DW DN,16:52,UP,52,yes,305,DSTO,738,1048
158,327,YB DN,16:02,YB UP,16:50,DN,48,yes,336,VASI,913,930
639,319,DW DN,16:02,YB DN,16:58,DN,56,no,No StepBack,No StepBack,984,None
67,305,DW UP,16:05,DW DN,16:57,UP,52,yes,334,DSTO,803,1055
640,325,YB UP,16:05,DW UP,17:01,UP,56,no,No StepBack,No StepBack,873,None
239,318,YB DN,16:07,YB UP,17:40,DN,93,yes,312,NECC,921,936
641,302,DW DN,16:07,YB DN,17:03,DN,56,no,No StepBack,No StepBack,992,None
642,314,YB UP,16:11,DW UP,17:07,UP,56,no,No StepBack,No StepBack,823,None
159,336,YB DN,16:13,YB UP,17:01,DN,48,yes,311,VASI,928,944
643,330,DW DN,16:13,YB DN,17:09,DN,56,no,No StepBack,No StepBack,998,None
644,322,YB UP,16:16,DW UP,17:12,UP,56,no,No StepBack,No StepBack,888,None
68,334,DW UP,16:16,DW DN,17:09,UP,53,yes,301,DSTO,817,1069
645,332,DW DN,16:18,YB DN,17:14,DN,56,no,No StepBack,No StepBack,1006,None
240,312,YB DN,16:19,YB UP,17:51,DN,92,yes,315,NECC,935,951
646,304,YB UP,16:22,DW UP,17:18,UP,56,no,No StepBack,No StepBack,837,None
69,301,DW UP,16:22,DW DN,17:14,UP,52,yes,329,DSTO,766,1077
647,331,DW DN,16:24,YB DN,17:20,DN,56,no,No StepBack,No StepBack,1013,None
160,311,YB DN,16:24,YB UP,17:12,DN,48,yes,333,VASI,942,958
648,321,YB UP,16:27,DW UP,17:23,UP,56,no,No StepBack,No StepBack,902,None
649,335,DW DN,16:30,YB DN,17:26,DN,56,no,No StepBack,No StepBack,1020,None
241,315,YB DN,16:30,YB UP,18:02,DN,92,yes,316,NECC,950,965
70,329,DW UP,16:33,DW DN,17:25,UP,52,yes,320,DSTO,781,1091
650,323,YB UP,16:33,DW UP,17:29,UP,56,no,No StepBack,No StepBack,851,None
651,303,DW DN,16:35,YB DN,17:31,DN,56,no,No StepBack,No StepBack,1027,None
161,333,YB DN,16:35,YB UP,17:23,DN,48,yes,326,VASI,956,973
652,327,YB UP,16:38,DW UP,17:34,UP,56,no,No StepBack,No StepBack,916,None
71,320,DW UP,16:39,DW DN,17:31,UP,52,yes,328,DSTO,846,1098
242,316,YB DN,16:41,YB UP,18:13,DN,92,yes,313,NECC,964,979
653,306,DW DN,16:41,YB DN,17:37,DN,56,no,No StepBack,No StepBack,1035,None
654,317,YB UP,16:44,DW UP,17:40,UP,56,no,No StepBack,No StepBack,866,None
655,308,DW DN,16:46,YB DN,17:42,DN,56,no,No StepBack,No StepBack,1041,None
162,326,YB DN,16:47,YB UP,17:34,DN,47,yes,319,VASI,971,987
656,336,YB UP,16:50,DW UP,17:46,UP,56,no,No StepBack,No StepBack,931,None
72,328,DW UP,16:50,DW DN,17:42,UP,52,yes,309,DSTO,860,1112
243,313,YB DN,16:52,YB UP,18:25,DN,93,yes,302,NECC,978,994
657,305,DW DN,16:52,YB DN,17:48,DN,56,no,No StepBack,No StepBack,1049,None
73,309,DW UP,16:55,DW DN,17:48,UP,53,yes,314,DSTO,809,1120
658,310,YB UP,16:55,DW UP,17:51,UP,56,no,No StepBack,No StepBack,880,None
659,334,DW DN,16:57,YB DN,17:54,DN,57,no,No StepBack,No StepBack,1056,None
163,319,YB DN,16:58,YB UP,17:45,DN,47,yes,330,VASI,985,1001
660,311,YB UP,17:01,DW UP,17:57,UP,56,no,No StepBack,No StepBack,945,None
244,302,YB DN,17:03,YB UP,18:36,DN,93,yes,332,NECC,993,1008
661,325,DW DN,17:03,YB DN,17:59,DN,56,no,No StepBack,No StepBack,1063,None
662,307,YB UP,17:06,DW UP,18:02,UP,56,no,No StepBack,No StepBack,894,None
74,314,DW UP,17:07,DW DN,17:59,UP,52,yes,322,DSTO,824,1134
663,301,DW DN,17:09,YB DN,18:05,DN,56,no,No StepBack,No StepBack,1070,None
164,330,YB DN,17:09,YB UP,17:57,DN,48,yes,331,VASI,999,1016
664,333,YB UP,17:12,DW UP,18:08,UP,56,no,No StepBack,No StepBack,959,None
75,322,DW UP,17:12,DW DN,18:04,UP,52,yes,321,DSTO,889,1141
245,332,YB DN,17:14,YB UP,18:47,DN,93,yes,335,NECC,1007,1022
665,329,DW DN,17:14,YB DN,18:10,DN,56,no,No StepBack,No StepBack,1078,None
666,324,YB UP,17:18,DW UP,18:14,UP,56,no,No StepBack,No StepBack,909,None
165,331,YB DN,17:20,YB UP,18:08,DN,48,yes,303,VASI,1014,1030
667,304,DW DN,17:20,YB DN,18:16,DN,56,no,No StepBack,No StepBack,1084,None
668,326,YB UP,17:23,DW UP,18:19,UP,56,no,No StepBack,No StepBack,974,None
76,321,DW UP,17:23,DW DN,18:16,UP,53,yes,323,DSTO,903,1155
669,320,DW DN,17:25,YB DN,18:21,DN,56,no,No StepBack,No StepBack,1092,None
246,335,YB DN,17:26,YB UP,18:58,DN,92,yes,306,NECC,1021,1037
77,323,DW UP,17:29,DW DN,18:21,UP,52,yes,317,DSTO,852,1163
670,318,YB UP,17:30,DW UP,18:26,UP,56,no,No StepBack,No StepBack,923,None
671,328,DW DN,17:31,YB DN,18:27,DN,56,no,No StepBack,No StepBack,1099,None
166,303,YB DN,17:31,YB UP,18:19,DN,48,yes,308,VASI,1028,1044
672,319,YB UP,17:34,DW UP,18:30,UP,56,no,No StepBack,No StepBack,988,None
247,306,YB DN,17:37,YB UP,19:09,DN,92,yes,305,NECC,1036,1051
673,327,DW DN,17:37,YB DN,18:33,DN,56,no,No StepBack,No StepBack,1106,None
78,317,DW UP,17:40,DW DN,18:27,UP,47,yes,336,DSTO,867,1170
674,312,YB UP,17:40,DW UP,18:36,UP,56,no,No StepBack,No StepBack,937,None
675,309,DW DN,17:42,YB DN,18:38,DN,56,no,No StepBack,No StepBack,1113,None
167,308,YB DN,17:42,YB UP,18:30,DN,48,yes,334,VASI,1042,1059
676,330,YB UP,17:45,DW UP,18:41,UP,56,no,No StepBack,No StepBack,1002,None
79,336,DW UP,17:46,DW DN,18:38,UP,52,yes,311,DSTO,932,1184
677,314,DW DN,17:48,YB DN,18:44,DN,56,no,No StepBack,No StepBack,1121,None
248,305,YB DN,17:48,YB UP,19:20,DN,92,yes,325,NECC,1050,1065
678,315,YB UP,17:51,DW UP,18:47,UP,56,no,No StepBack,No StepBack,952,None
679,310,DW DN,17:53,YB DN,18:49,DN,56,no,No StepBack,No StepBack,1127,None
168,334,YB DN,17:54,YB UP,18:41,DN,47,yes,301,VASI,1057,1073
80,311,DW UP,17:57,DW DN,18:49,UP,52,yes,307,DSTO,946,1198
680,331,YB UP,17:57,DW UP,18:53,UP,56,no,No StepBack,No StepBack,1017,None
681,322,DW DN,17:59,YB DN,18:55,DN,56,no,No StepBack,No StepBack,1135,None
249,325,YB DN,17:59,YB UP,19:32,DN,93,yes,329,NECC,1064,1080
682,316,YB UP,18:02,DW UP,18:58,UP,56,no,No StepBack,No StepBack,966,None
81,307,DW UP,18:02,DW DN,18:55,UP,53,yes,324,DSTO,895,1207
683,321,DW DN,18:04,YB DN,19:01,DN,57,no,No StepBack,No StepBack,1142,None
169,301,YB DN,18:05,YB UP,18:52,DN,47,yes,304,VASI,1071,1087
684,303,YB UP,18:08,DW UP,19:04,UP,56,no,No StepBack,No StepBack,1031,None
685,333,DW DN,18:10,YB DN,19:06,DN,56,no,No StepBack,No StepBack,1149,None
250,329,YB DN,18:10,YB UP,19:43,DN,93,yes,320,NECC,1079,1094
686,313,YB UP,18:13,DW UP,19:09,UP,56,no,No StepBack,No StepBack,980,None
82,324,DW UP,18:14,DW DN,19:06,UP,52,yes,326,DSTO,910,1220
170,304,YB DN,18:16,YB UP,19:04,DN,48,yes,328,VASI,1085,1102
687,323,DW DN,18:16,YB DN,19:12,DN,56,no,No StepBack,No StepBack,1156,None
688,308,YB UP,18:19,DW UP,19:15,UP,56,no,No StepBack,No StepBack,1045,None
83,326,DW UP,18:19,DW DN,19:11,UP,52,yes,318,DSTO,975,1227
689,317,DW DN,18:21,YB DN,19:17,DN,56,no,No StepBack,No StepBack,1164,None
251,320,YB DN,18:21,YB UP,19:56,DN,95,yes,327,NECC,1093,1108
690,302,YB UP,18:25,DW UP,19:21,UP,56,no,No StepBack,No StepBack,995,None
84,318,DW UP,18:26,DW DN,19:23,UP,57,yes,312,DSTO,924,1241
171,328,YB DN,18:27,YB UP,19:15,DN,48,yes,309,VASI,1100,1116
691,336,DW DN,18:27,YB DN,19:23,DN,56,no,No StepBack,No StepBack,1171,None
692,334,YB UP,18:30,DW UP,19:26,UP,56,no,No StepBack,No StepBack,1060,None
693,319,DW DN,18:32,YB DN,19:28,DN,56,no,No StepBack,No StepBack,1178,None
252,327,YB DN,18:33,YB UP,20:05,DN,92,yes,314,NECC,1107,1123
694,332,YB UP,18:36,DW UP,19:32,UP,56,no,No StepBack,No StepBack,1009,None
85,312,DW UP,18:36,DW DN,19:27,UP,51,yes,315,DSTO,938,1249
695,311,DW DN,18:38,YB DN,19:34,DN,56,no,No StepBack,No StepBack,1185,None
172,309,YB DN,18:38,YB UP,19:26,DN,48,yes,310,VASI,1114,1130
696,301,YB UP,18:41,DW UP,19:37,UP,56,no,No StepBack,No StepBack,1074,None
253,314,YB DN,18:44,YB UP,20:16,DN,92,yes,322,NECC,1122,1137
697,330,DW DN,18:44,YB DN,19:40,DN,56,no,No StepBack,No StepBack,1192,None
86,315,DW UP,18:47,DW DN,19:39,UP,52,yes,331,DSTO,953,1263
698,335,YB UP,18:47,DW UP,19:43,UP,56,no,No StepBack,No StepBack,1023,None
699,307,DW DN,18:49,YB DN,19:45,DN,56,no,No StepBack,No StepBack,1199,None
173,310,YB DN,18:49,YB UP,19:37,DN,48,yes,321,VASI,1128,1145
700,304,YB UP,18:52,DW UP,19:48,UP,56,no,No StepBack,No StepBack,1088,None
87,331,DW UP,18:53,DW DN,19:45,UP,52,yes,303,DSTO,1018,1269
701,324,DW DN,18:55,YB DN,19:51,DN,56,no,No StepBack,No StepBack,1208,None
254,322,YB DN,18:55,YB UP,20:27,DN,92,yes,333,NECC,1136,1151
702,306,YB UP,18:58,DW UP,19:54,UP,56,no,No StepBack,No StepBack,1038,None
703,316,DW DN,19:00,YB DN,19:56,DN,56,no,No StepBack,No StepBack,1214,None
174,321,YB DN,19:01,YB UP,19:48,DN,47,yes,323,VASI,1143,1159
88,303,DW UP,19:04,DW DN,19:56,UP,52,yes,313,DSTO,1032,1284
704,328,YB UP,19:04,DW UP,20:00,UP,56,no,No StepBack,No StepBack,1103,None
705,326,DW DN,19:06,YB DN,20:02,DN,56,no,No StepBack,No StepBack,1221,None
255,333,YB DN,19:06,YB UP,20:39,DN,93,yes,317,NECC,1150,1166
706,305,YB UP,19:09,DW UP,20:05,UP,56,no,No StepBack,No StepBack,1052,None
89,313,DW UP,19:09,DW DN,20:02,UP,53,yes,302,DSTO,981,1292
707,318,DW DN,19:11,YB DN,20:08,DN,57,no,No StepBack,No StepBack,1228,None
175,323,YB DN,19:12,YB UP,19:58,DN,46,yes,336,VASI,1157,1174
708,309,YB UP,19:15,DW UP,20:11,UP,56,no,No StepBack,No StepBack,1117,None
709,308,DW DN,19:17,YB DN,20:13,DN,56,no,No StepBack,No StepBack,1235,None
256,317,YB DN,19:17,YB UP,20:50,DN,93,yes,319,NECC,1165,1180
710,325,YB UP,19:20,DW UP,20:16,UP,56,no,No StepBack,No StepBack,1066,None
90,302,DW UP,19:21,DW DN,20:13,UP,52,yes,334,DSTO,996,1306
176,336,YB DN,19:23,YB UP,20:11,DN,48,yes,311,VASI,1172,1188
711,312,DW DN,19:23,YB DN,20:19,DN,56,no,No StepBack,No StepBack,1242,None
91,334,DW UP,19:26,DW DN,20:18,UP,52,yes,301,DSTO,1061,1314
712,310,YB UP,19:26,DW UP,20:22,UP,56,no,No StepBack,No StepBack,1131,None
713,315,DW DN,19:27,YB DN,20:23,DN,56,no,No StepBack,No StepBack,1250,None
257,319,YB DN,19:28,YB UP,21:01,DN,93,yes,330,NECC,1179,1194
714,329,YB UP,19:32,DW UP,20:28,UP,56,no,No StepBack,No StepBack,1081,None
177,311,YB DN,19:34,YB UP,20:22,DN,48,yes,307,VASI,1186,1202
715,332,DW DN,19:34,YB DN,20:30,DN,56,no,No StepBack,No StepBack,1257,None
92,301,DW UP,19:37,DW DN,20:30,UP,53,yes,335,DSTO,1075,1328
716,321,YB UP,19:37,DW UP,20:33,UP,56,no,No StepBack,No StepBack,1146,None
717,331,DW DN,19:39,YB DN,20:35,DN,56,no,No StepBack,No StepBack,1264,None
258,330,YB DN,19:40,YB UP,21:12,DN,92,yes,324,NECC,1193,1210
718,320,YB UP,19:43,DW UP,20:39,UP,56,no,No StepBack,No StepBack,1095,None
93,335,DW UP,19:43,DW DN,20:35,UP,52,yes,306,DSTO,1024,1337
719,303,DW DN,19:45,YB DN,20:41,DN,56,no,No StepBack,No StepBack,1270,None
178,307,YB DN,19:45,LN,20:30,DN,45,yes,316,VASI,1200,1217
720,323,YB UP,19:48,DW UP,20:44,UP,56,no,No StepBack,No StepBack,1160,None
721,304,DW DN,19:51,YB DN,20:47,DN,56,no,No StepBack,No StepBack,1278,None
259,324,YB DN,19:51,YB UP,21:21,DN,90,yes,326,NECC,1209,1223
94,306,DW UP,19:54,DW DN,20:46,UP,52,yes,328,DSTO,1039,1351
722,313,DW DN,19:56,YB DN,20:52,DN,56,no,No StepBack,No StepBack,1285,None
723,327,YB UP,19:56,DW UP,20:52,UP,56,no,No StepBack,No StepBack,1109,None
179,316,YB DN,19:56,YB UP,20:45,DN,49,yes,318,VASI,1215,1231
724,336,YB UP,19:58,DW UP,20:54,UP,56,no,No StepBack,No StepBack,1175,None
95,328,DW UP,20:00,DW DN,20:51,UP,51,yes,309,DSTO,1104,1359
260,326,YB DN,20:02,YB UP,21:32,DN,90,yes,308,NECC,1222,1237
725,302,DW DN,20:02,YB DN,20:58,DN,56,no,No StepBack,No StepBack,1293,None
726,314,YB UP,20:05,DW UP,21:01,UP,56,no,No StepBack,No StepBack,1124,None
727,305,DW DN,20:07,YB DN,21:03,DN,56,no,No StepBack,No StepBack,1299,None
180,318,YB DN,20:08,YB UP,20:55,DN,47,yes,312,VASI,1229,1245
728,311,YB UP,20:11,DW UP,21:07,UP,56,no,No StepBack,No StepBack,1189,None
96,309,DW UP,20:11,DW DN,21:03,UP,52,yes,325,DSTO,1118,1372
261,308,YB DN,20:13,YB UP,21:42,DN,89,yes,315,NECC,1236,1252
729,334,DW DN,20:13,YB DN,21:09,DN,56,no,No StepBack,No StepBack,1307,None
730,322,YB UP,20:16,DW UP,21:12,UP,56,no,No StepBack,No StepBack,1138,None
97,325,DW UP,20:16,DW DN,21:09,UP,53,yes,329,DSTO,1067,1379
731,301,DW DN,20:18,YB DN,21:15,DN,57,no,No StepBack,No StepBack,1315,None
181,312,YB DN,20:19,LN,21:04,DN,45,yes,332,VASI,1243,1260
732,307,YB UP,20:22,DW UP,21:18,UP,56,no,No StepBack,No StepBack,1203,None
262,315,YB DN,20:23,BCGN,21:37,DN,74,yes,331,NECC,1251,1266
733,310,DW DN,20:24,YB DN,21:20,DN,56,no,No StepBack,No StepBack,1322,None
734,333,YB UP,20:27,DW UP,21:23,UP,56,no,No StepBack,No StepBack,1152,None
98,329,DW UP,20:28,DW DN,21:18,UP,50,yes,321,DSTO,1082,1386
182,332,YB DN,20:30,YB UP,21:18,DN,48,yes,303,VASI,1258,1273
736,316,LN,20:30,YBD,20:55,UP,25,yes,No StepBack,No StepBack,1218,None
735,335,DW DN,20:30,YB DN,21:26,DN,56,no,No StepBack,No StepBack,1329,None
99,321,DW UP,20:33,DW DN,21:27,UP,54,yes,323,DSTO,1147,1395
263,331,YB DN,20:35,YB UP,22:08,DN,93,yes,304,NECC,1265,1280
737,306,DW DN,20:35,YB DN,21:31,DN,56,no,No StepBack,No StepBack,1338,None
738,317,YB UP,20:39,DW UP,21:35,UP,56,no,No StepBack,No StepBack,1167,None
739,320,DW DN,20:41,YB DN,21:37,DN,56,no,No StepBack,No StepBack,1344,None
183,303,YB DN,20:41,YB UP,21:29,DN,48,yes,313,VASI,1271,1288
100,323,DW UP,20:44,DW DN,21:34,UP,50,yes,336,DSTO,1161,1400
740,318,YB UP,20:45,DW UP,21:42,UP,57,no,No StepBack,No StepBack,1232,None
741,328,DW DN,20:46,YB DN,21:42,DN,56,no,No StepBack,No StepBack,1352,None
264,304,YB DN,20:47,YB UP,22:23,DN,96,yes,302,NECC,1279,1295
742,319,YB UP,20:50,JPW,21:34,UP,44,no,No StepBack,No StepBack,1181,None
743,309,DW DN,20:51,YB DN,21:47,DN,56,no,No StepBack,No StepBack,1360,None
184,313,YB DN,20:52,YB UP,21:40,DN,48,yes,305,VASI,1286,1302
101,336,DW UP,20:54,DW DN,21:40,UP,46,yes,314,DSTO,1176,1408
744,312,YB UP,20:55,DW UP,21:51,UP,56,no,No StepBack,No StepBack,1246,None
745,327,DW DN,20:57,YB DN,21:53,DN,56,no,No StepBack,No StepBack,1368,None
265,302,YB DN,20:58,YB UP,22:30,DN,92,yes,334,NECC,1294,1309
102,314,DW UP,21:01,DW DN,21:49,UP,48,yes,311,DSTO,1125,1413
746,330,YB UP,21:01,DW UP,21:57,UP,56,no,No StepBack,No StepBack,1195,None
747,325,DW DN,21:03,YB DN,21:59,DN,56,no,No StepBack,No StepBack,1373,None
185,305,YB DN,21:03,YB UP,21:51,DN,48,yes,301,VASI,1300,1318
748,332,LN,21:04,YBD,21:29,UP,25,yes,No StepBack,No StepBack,1261,None
103,311,DW UP,21:07,DW DN,21:58,UP,51,yes,322,DSTO,1190,1420
266,334,YB DN,21:09,YB UP,22:40,DN,91,yes,310,NECC,1308,1324
749,329,DW DN,21:09,YB DN,22:05,DN,56,no,No StepBack,No StepBack,1380,None
104,322,DW UP,21:12,DW DN,22:08,UP,56,yes,333,DSTO,1139,1426
750,324,YB UP,21:12,DW UP,22:08,UP,56,no,No StepBack,No StepBack,1211,None
186,301,YB DN,21:15,YB UP,22:02,DN,47,yes,335,VASI,1316,1332
751,321,DW DN,21:18,YB DN,22:14,DN,56,no,No StepBack,No StepBack,1387,None
753,307,DW UP,21:18,NFD,21:43,UP,25,yes,No StepBack,No StepBack,1205,None
752,303,YB UP,21:18,DW UP,22:14,UP,56,no,No StepBack,No StepBack,1274,None
754,310,YB DN,21:20,NECC,21:59,DN,39,yes,No StepBack,No StepBack,1323,None
755,326,YB UP,21:21,DW UP,22:17,UP,56,no,No StepBack,No StepBack,1224,None
105,333,DW UP,21:23,DW DN,22:18,UP,55,yes,317,DSTO,1153,1433
187,335,YB DN,21:26,YB UP,22:16,DN,50,yes,320,VASI,1330,1347
756,323,DW DN,21:27,YB DN,22:23,DN,56,no,No StepBack,No StepBack,1396,None
757,313,YB UP,21:29,KNR,21:56,UP,27,no,No StepBack,No StepBack,1289,None
758,306,YB DN,21:31,NECC,22:10,DN,39,yes,No StepBack,No StepBack,1339,None
759,308,YB UP,21:32,DW UP,22:28,UP,56,no,No StepBack,No StepBack,1238,None
761,336,DW DN,21:34,YB DN,22:30,DN,56,no,No StepBack,No StepBack,1401,None
760,319,JPW,21:34,JPW SDG,21:59,UP,25,yes,No StepBack,No StepBack,1182,None
106,317,DW UP,21:35,DW DN,22:26,UP,51,yes,318,DSTO,1168,1438
762,320,YB DN,21:37,VASI,21:54,DN,17,yes,No StepBack,No StepBack,1345,None
763,331,BCGN,21:37,YBD,22:19,UP,42,yes,No StepBack,No StepBack,1267,None
764,314,DW DN,21:40,YB DN,22:36,DN,56,no,No StepBack,No StepBack,1409,None
765,305,YB UP,21:40,DW UP,22:36,UP,56,no,No StepBack,No StepBack,1303,None
107,318,DW UP,21:42,DW DN,22:33,UP,51,yes,312,DSTO,1233,1447
766,328,YB DN,21:42,NECC,22:22,DN,40,yes,No StepBack,No StepBack,1353,None
767,315,YB UP,21:42,DW UP,22:38,UP,56,no,No StepBack,No StepBack,1253,None
768,309,YB DN,21:47,VASI,22:04,DN,17,yes,No StepBack,No StepBack,1361,None
769,311,DW DN,21:49,YB DN,22:45,DN,56,no,No StepBack,No StepBack,1414,None
108,312,DW UP,21:51,DW DN,22:42,UP,51,yes,330,DSTO,1247,1452
770,301,YB UP,21:51,DW UP,22:47,UP,56,no,No StepBack,No StepBack,1319,None
771,327,YB DN,21:53,NECC,22:32,DN,39,yes,No StepBack,No StepBack,1369,None
772,313,KNR,21:56,KNR SDG,22:21,UP,25,yes,No StepBack,No StepBack,1290,None
773,330,DW UP,21:57,DSTO,22:16,UP,19,yes,No StepBack,No StepBack,1196,None
774,322,DW DN,21:58,YB DN,22:54,DN,56,no,No StepBack,No StepBack,1421,None
775,325,YB DN,21:59,VASI,22:16,DN,17,yes,No StepBack,No StepBack,1374,None
776,335,YB UP,22:02,DW UP,22:58,UP,56,no,No StepBack,No StepBack,1333,None
777,329,YB DN,22:05,NECC,22:44,DN,39,yes,No StepBack,No StepBack,1381,None
778,304,YB UP,22:08,DW UP,23:04,UP,56,no,No StepBack,No StepBack,1281,None
779,333,DW DN,22:08,YB DN,23:04,DN,56,no,No StepBack,No StepBack,1427,None
780,324,DW UP,22:08,DSTO,22:27,UP,19,yes,No StepBack,No StepBack,1212,None
782,321,YB DN,22:14,VASI,22:31,DN,17,yes,No StepBack,No StepBack,1388,None
781,303,DW UP,22:14,DSTO,22:39,UP,25,yes,No StepBack,No StepBack,1275,None
783,320,YB UP,22:16,DW UP,23:12,UP,56,no,No StepBack,No StepBack,1348,None
784,326,DW UP,22:17,DSTO,22:36,UP,19,yes,No StepBack,No StepBack,1225,None
785,317,DW DN,22:18,YB DN,23:14,DN,56,no,No StepBack,No StepBack,1434,None
786,309,VASI,22:20,YB UP,22:36,UP,16,yes,No StepBack,No StepBack,1363,None
787,306,NECC,22:20,YB UP,22:58,UP,38,yes,No StepBack,No StepBack,1340,None
788,325,VASI,22:22,LN,22:35,UP,13,yes,No StepBack,No StepBack,1376,None
790,302,YB UP,22:23,DW UP,23:19,UP,56,no,No StepBack,No StepBack,1296,None
789,323,YB DN,22:23,NECC,23:02,DN,39,yes,No StepBack,No StepBack,1397,None
791,318,DW DN,22:26,YB DN,23:22,DN,56,no,No StepBack,No StepBack,1439,None
792,308,DW UP,22:28,DSTO,22:47,UP,19,yes,No StepBack,No StepBack,1239,None
793,334,YB UP,22:30,DW UP,23:26,UP,56,no,No StepBack,No StepBack,1310,None
794,336,YB DN,22:30,VASI,22:47,DN,17,yes,No StepBack,No StepBack,1402,None
795,327,NECC,22:32,NESY,22:57,UP,25,yes,No StepBack,No StepBack,1370,None
796,324,DSTO,22:32,DW DN,22:50,DN,18,yes,No StepBack,No StepBack,1459,None
797,312,DW DN,22:33,YB DN,23:29,DN,56,no,No StepBack,No StepBack,1448,None
798,325,LN,22:35,YBD,23:00,UP,25,yes,No StepBack,No StepBack,1377,None
800,309,YB UP,22:36,DW UP,23:32,UP,56,no,No StepBack,No StepBack,1364,None
801,314,YB DN,22:36,NECC,23:15,DN,39,yes,No StepBack,No StepBack,1410,None
799,305,DW UP,22:36,DSTO,22:55,UP,19,yes,No StepBack,No StepBack,1304,None
802,315,DW UP,22:38,DSTO,23:03,UP,25,yes,No StepBack,No StepBack,1254,None
803,303,DSTO,22:39,NFD,23:04,UP,25,yes,No StepBack,No StepBack,1276,None
804,328,NECC,22:40,YB UP,23:18,UP,38,yes,No StepBack,No StepBack,1354,None
805,321,VASI,22:40,YB UP,22:56,UP,16,yes,No StepBack,No StepBack,1390,None
806,326,DSTO,22:40,DW DN,22:58,DN,18,yes,No StepBack,No StepBack,1464,None
807,310,YB UP,22:40,DW UP,23:36,UP,56,no,No StepBack,No StepBack,1325,None
808,330,DW DN,22:42,YB DN,23:38,DN,56,no,No StepBack,No StepBack,1453,None
809,311,YB DN,22:45,VASI,23:02,DN,17,yes,No StepBack,No StepBack,1415,None
810,301,DW UP,22:47,DSTO,23:06,UP,19,yes,No StepBack,No StepBack,1320,None
811,324,DW DN,22:50,YB DN,23:46,DN,56,no,No StepBack,No StepBack,1460,None
812,308,DSTO,22:50,DW DN,23:08,DN,18,yes,No StepBack,No StepBack,1471,None
813,322,YB DN,22:54,NECC,23:33,DN,39,yes,No StepBack,No StepBack,1422,None
814,321,YB UP,22:56,DW UP,23:52,UP,56,no,No StepBack,No StepBack,1391,None
815,306,YB UP,22:58,DW UP,23:54,UP,56,no,No StepBack,No StepBack,1341,None
816,326,DW DN,22:58,YB DN,23:54,DN,56,no,No StepBack,No StepBack,1465,None
817,335,DW UP,22:58,NFD,23:23,UP,25,yes,No StepBack,No StepBack,1335,None
818,336,VASI,23:00,YB UP,23:16,UP,16,yes,No StepBack,No StepBack,1404,None
819,329,NECC,23:00,YB UP,23:38,UP,38,yes,No StepBack,No StepBack,1382,None
820,305,DSTO,23:00,DW DN,23:18,DN,18,yes,No StepBack,No StepBack,1476,None
821,323,NECC,23:02,NESY,23:27,UP,25,yes,No StepBack,No StepBack,1398,None
822,315,DSTO,23:03,NFD,23:28,UP,25,yes,No StepBack,No StepBack,1255,None
824,304,DW UP,23:04,DSTO,23:23,UP,19,yes,No StepBack,No StepBack,1282,None
823,333,YB DN,23:04,VASI,23:21,DN,17,yes,No StepBack,No StepBack,1428,None
825,311,VASI,23:05,LN,23:20,UP,15,yes,No StepBack,No StepBack,1417,None
826,308,DW DN,23:08,YB DN,24:04,DN,56,no,No StepBack,No StepBack,1472,None
827,320,DW UP,23:12,DSTO,23:31,UP,19,yes,No StepBack,No StepBack,1349,None
828,317,YB DN,23:14,NECC,23:53,DN,39,yes,No StepBack,No StepBack,1435,None
829,314,NECC,23:15,NESY,23:40,UP,25,yes,No StepBack,No StepBack,1411,None
830,301,DSTO,23:15,DW DN,23:33,DN,18,yes,No StepBack,No StepBack,1482,None
831,336,YB UP,23:16,DW UP,24:12,UP,56,no,No StepBack,No StepBack,1405,None
833,305,DW DN,23:18,YB DN,24:14,DN,56,no,No StepBack,No StepBack,1477,None
832,328,YB UP,23:18,DW UP,24:14,UP,56,no,No StepBack,No StepBack,1355,None
834,302,DW UP,23:19,DSTO,23:38,UP,19,yes,No StepBack,No StepBack,1297,None
835,311,LN,23:20,YBD,23:45,UP,25,yes,No StepBack,No StepBack,1418,None
836,318,YB DN,23:22,VASI,23:39,DN,17,yes,No StepBack,No StepBack,1440,None
837,333,VASI,23:24,LN,23:39,UP,15,yes,No StepBack,No StepBack,1430,None
838,334,DW UP,23:26,NFD,23:51,UP,25,yes,No StepBack,No StepBack,1312,None
839,312,YB DN,23:29,NECC,24:08,DN,39,yes,No StepBack,No StepBack,1449,None
840,304,DSTO,23:30,DW DN,23:48,DN,18,yes,No StepBack,No StepBack,1486,None
841,309,DW UP,23:32,DSTO,23:51,UP,19,yes,No StepBack,No StepBack,1365,None
842,301,DW UP,23:33,NFD,23:58,UP,25,yes,No StepBack,No StepBack,1484,None
843,320,DSTO,23:35,DW DN,23:53,DN,18,yes,No StepBack,No StepBack,1490,None
844,310,DW UP,23:36,DSTO,23:55,UP,19,yes,No StepBack,No StepBack,1326,None
845,322,NECC,23:38,YBD,24:38,UP,60,yes,No StepBack,No StepBack,1424,None
846,330,YB DN,23:38,VASI,23:55,DN,17,yes,No StepBack,No StepBack,1454,None
847,329,YB UP,23:38,DW UP,24:34,UP,56,no,No StepBack,No StepBack,1383,None
848,333,LN,23:39,YBD,24:04,UP,25,yes,No StepBack,No StepBack,1431,None
849,318,VASI,23:42,YB UP,23:57,UP,15,yes,No StepBack,No StepBack,1442,None
850,324,YB DN,23:46,NECC,24:25,DN,39,yes,No StepBack,No StepBack,1461,None
851,304,DW UP,23:48,NFD,24:13,UP,25,yes,No StepBack,No StepBack,1488,None
852,302,DSTO,23:50,DW DN,24:08,DN,18,yes,No StepBack,No StepBack,1494,None
853,309,DSTO,23:51,DSTO DN,24:16,UP,25,yes,No StepBack,No StepBack,1366,None
854,321,DW UP,23:52,NFD,24:17,UP,25,yes,No StepBack,No StepBack,1393,None
855,320,DW UP,23:53,YBD,24:18,UP,25,no,No StepBack,No StepBack,1492,None
856,317,NECC,23:53,NESY,24:18,UP,25,yes,No StepBack,No StepBack,1436,None
857,326,YB DN,23:54,VASI,24:11,DN,17,yes,No StepBack,No StepBack,1466,None
858,306,DW UP,23:54,DSTO,24:13,UP,19,yes,No StepBack,No StepBack,1342,None
859,330,VASI,23:57,LN,24:12,UP,15,yes,No StepBack,No StepBack,1456,None
860,318,YB UP,23:57,DW UP,24:57,UP,60,no,No StepBack,No StepBack,1443,None
861,310,DSTO,24:01,DW DN,24:18,DN,17,yes,No StepBack,No StepBack,1498,None
862,308,YB DN,24:04,NECC,24:43,DN,39,yes,No StepBack,No StepBack,1473,None
864,302,DW UP,24:08,NFD,24:33,UP,25,yes,No StepBack,No StepBack,1496,None
863,312,NECC,24:08,NESY,24:33,UP,25,yes,No StepBack,No StepBack,1450,None
865,330,LN,24:12,YB SDG,24:37,UP,25,yes,No StepBack,No StepBack,1457,None
866,336,DW UP,24:12,DSTO,24:31,UP,19,yes,No StepBack,No StepBack,1406,None
867,326,VASI,24:13,LN,24:28,UP,15,yes,No StepBack,No StepBack,1468,None
868,328,DW UP,24:14,NFD,24:39,UP,25,yes,No StepBack,No StepBack,1357,None
869,305,YB DN,24:14,VASI,24:31,DN,17,yes,No StepBack,No StepBack,1478,None
870,306,DSTO,24:15,DW DN,24:33,DN,18,yes,No StepBack,No StepBack,1502,None
871,310,DW UP,24:18,DW 3RD,24:43,UP,25,yes,No StepBack,No StepBack,1500,None
872,324,NECC,24:25,NSST SDG,24:50,UP,25,yes,No StepBack,No StepBack,1462,None
873,326,LN,24:28,YBD,24:53,UP,25,yes,No StepBack,No StepBack,1469,None
874,305,VASI,24:31,VASI DN,24:56,UP,25,yes,No StepBack,No StepBack,1480,None
875,306,DW UP,24:33,NFD,24:58,UP,25,yes,No StepBack,No StepBack,1504,None
876,329,DW UP,24:34,DSTO,24:53,UP,19,yes,No StepBack,No StepBack,1384,None
877,336,DSTO,24:35,DW DN,24:53,DN,18,yes,No StepBack,No StepBack,1506,None
878,308,NECC,24:43,NECC DN,25:08,UP,25,yes,No StepBack,No StepBack,1474,None
879,336,DW UP,24:53,NFD,25:18,UP,25,yes,No StepBack,No StepBack,1508,None
880,318,DW UP,24:57,NFD,25:22,UP,25,yes,No StepBack,No StepBack,1445,None
881,329,DSTO,24:57,DW DN,25:15,DN,18,yes,No StepBack,No StepBack,1510,None
882,329,DW UP,25:15,NFD,25:40,UP,25,yes,No StepBack,No StepBack,1512,None
